ANCHO DE BANDA DESCARGA (MB),FINALIZACIÓN DEL CONTRATO,LATITUD,LONGITUD,DURACIÓN_RESTANTE_CONTRATO,"CALIDAD_CONECTIVIDAD (0=BAJA, 0.5=MEDIA, 1=ALTA)",ZONA_NUM,OPERADOR_NUM,PROYECTO_NUM,MUNICIPIO_NUM,ESTADO_NUM
12.0,2032-12-01,4.94506202,-73.38084868,2797,0.5,0,1,1,0,1
12.0,2032-12-01,5.369444,-72.881389,2797,0.5,0,1,1,1,0
15.0,2032-12-01,5.498777603,-72.91264973,2797,0.5,0,1,1,1,1
12.0,2032-12-01,5.304167,-72.927778,2797,0.5,0,1,1,1,0
12.0,2032-12-01,5.508333,-72.869167,2797,0.5,0,1,1,1,0
15.0,2032-12-01,5.511944,-72.883889,2797,0.5,0,1,1,1,1
12.0,2032-12-01,5.586463121,-72.89043746,2797,0.5,0,1,1,1,1
12.0,2032-12-01,5.502775098,-72.90565412,2797,0.5,0,1,1,1,0
12.0,2032-12-01,5.288333,-72.927778,2797,0.5,0,1,1,1,1
15.0,2032-12-01,5.304444,-72.922222,2797,0.5,0,1,1,1,1
12.0,2032-12-01,5.518333,-72.8825,2797,0.5,0,1,1,1,0
12.0,2032-12-01,5.296036691,-72.96669619,2797,0.5,0,1,1,1,1
18.0,2032-12-01,5.4815741,-72.94493902,2797,0.5,0,1,1,1,1
15.0,2032-12-01,5.523976095,-72.79386704,2797,0.5,0,1,1,1,1
12.0,2032-12-01,5.386667,-72.909722,2797,0.5,0,1,1,1,0
12.0,2032-12-01,5.479181,-72.953978,2797,0.5,0,1,1,1,0
12.0,2032-12-01,5.508611,-72.783056,2797,0.5,0,1,1,1,0
12.0,2032-12-01,5.383333,-72.919444,2797,0.5,0,1,1,1,0
12.0,2032-12-01,5.785068719,-73.46116816,2797,0.5,0,1,1,2,1
15.0,2032-12-01,5.684024907,-73.36293687,2797,0.5,0,1,1,2,0
12.0,2032-12-01,5.711550512,-73.375272,2797,0.5,0,1,1,2,0
15.0,2032-12-01,6.03884512,-72.92356678,2797,0.5,0,1,1,3,1
12.0,2032-12-01,6.034377,-72.918289,2797,0.5,0,1,1,3,0
15.0,2032-12-01,6.0342222222222,-73.02388889,2797,0.5,0,1,1,3,1
12.0,2032-12-01,5.17902567,-73.08446044,2797,0.5,0,1,1,4,1
12.0,2032-12-01,5.907745,-72.8639,2797,0.5,0,1,1,5,0
15.0,2032-12-01,5.910076503,-72.86543782,2797,0.5,0,1,1,5,1
12.0,2032-12-01,6.353359714,-72.59594713,2797,0.5,0,1,1,6,0
12.0,2032-12-01,6.412089417,-72.61656296,2797,0.5,0,1,1,6,1
12.0,2032-12-01,6.312631564,-72.60748278,2797,0.5,0,1,1,6,1
15.0,2032-12-01,6.398617062,-72.63102039,2797,0.5,0,1,1,6,1
12.0,2032-12-01,5.429376466,-73.41392399,2797,0.5,0,1,1,7,1
12.0,2032-12-01,5.434503002,-73.36231744,2797,0.5,0,1,1,7,1
12.0,2032-12-01,5.447218842,-73.3884582,2797,0.5,0,1,1,7,0
12.0,2032-12-01,5.437739069,-73.34608,2797,0.5,0,1,1,7,0
12.0,2032-12-01,5.714868143,-73.90014783,2797,0.5,0,1,1,8,1
12.0,2032-12-01,5.667707226,-73.91139673,2797,0.5,0,1,1,8,0
12.0,2032-12-01,5.703875034,-73.92652415,2797,0.5,0,1,1,8,0
15.0,2032-12-01,5.476667,-73.943611,2797,0.5,0,1,1,9,1
12.0,2032-12-01,5.5119459,-73.95504923,2797,0.5,0,1,1,9,0
12.0,2032-12-01,5.49169854,-73.93634034,2797,0.5,0,1,1,9,0
12.0,2032-12-01,5.49169854,-73.93634034,2797,0.5,0,1,1,9,1
12.0,2032-12-01,5.595833,-73.861667,2797,0.5,0,1,1,10,1
12.0,2032-12-01,5.541393,-73.896675,2797,0.5,0,1,1,10,1
12.0,2032-12-01,5.590192662,-73.88909001,2797,0.5,0,1,1,10,1
12.0,2032-12-01,5.581944,-73.8625,2797,0.5,0,1,1,10,0
12.0,2032-12-01,5.558336438,-73.90304674,2797,0.5,0,1,1,10,1
12.0,2032-12-01,5.017563,-73.205673,2797,0.5,0,1,1,11,0
12.0,2032-12-01,5.018611,-73.08,2797,0.5,0,1,1,11,0
12.0,2032-12-01,5.043713442,-73.22386271,2797,0.5,0,1,1,11,0
12.0,2032-12-01,5.029722,-73.096389,2797,0.5,0,1,1,11,0
12.0,2032-12-01,5.004722,-73.050278,2797,0.5,0,1,1,11,0
15.0,2032-12-01,5.013333,-73.105,2797,0.5,0,1,1,11,0
12.0,2032-12-01,5.944737,-72.969455,2797,0.5,0,1,1,12,0
12.0,2032-12-01,5.93692208,-72.94243128,2797,0.5,0,1,1,12,1
12.0,2032-12-01,5.1425,-73.359722,2797,0.5,0,1,1,13,1
12.0,2032-12-01,5.154493535,-73.34919658,2797,0.5,0,1,1,13,1
15.0,2032-12-01,5.166111,-73.356389,2797,0.5,0,1,1,13,1
12.0,2032-12-01,5.216111,-73.347778,2797,0.5,0,1,1,13,1
12.0,2032-12-01,5.604722,-73.83,2797,0.5,0,1,1,14,0
12.0,2032-12-01,5.675627096,-73.87396975,2797,0.5,0,1,1,14,1
15.0,2032-12-01,5.636147377,-73.80325842,2797,0.5,0,1,1,14,1
18.0,2032-12-01,5.6162315716,-73.739617615,2797,0.5,0,1,1,14,0
12.0,2032-12-01,5.604722,-73.7225,2797,0.5,0,1,1,14,1
12.0,2032-12-01,5.629758524,-73.72359406,2797,0.5,0,1,1,14,0
12.0,2032-12-01,5.6065,-73.48361111,2797,0.5,0,1,1,15,1
12.0,2032-12-01,5.615291,-73.455246,2797,0.5,0,1,1,15,1
12.0,2032-12-01,5.631929,-73.409202,2797,0.5,0,1,1,15,0
15.0,2032-12-01,5.641633539,-73.45028654,2797,0.5,0,1,1,15,0
12.0,2032-12-01,5.650833,-73.483056,2797,0.5,0,1,1,15,1
12.0,2032-12-01,5.633628,-73.424551,2797,0.5,0,1,1,15,1
12.0,2032-12-01,5.684999216,-73.38408994,2797,0.5,0,1,1,15,0
12.0,2032-12-01,5.58495564,-73.49445696,2797,0.5,0,1,1,15,1
12.0,2032-12-01,6.516457346,-72.52621045,2797,0.5,0,1,1,16,0
12.0,2032-12-01,6.551389,-72.446944,2797,0.5,0,1,1,16,0
12.0,2032-12-01,6.573923,-72.491416,2797,0.5,0,1,1,16,0
12.0,2032-12-01,6.613333,-72.474167,2797,0.5,0,1,1,16,0
15.0,2032-12-01,6.537858432,-72.52888582,2797,0.5,0,1,1,16,0
15.0,2032-12-01,6.603333,-72.484167,2797,0.5,0,1,1,16,0
15.0,2032-12-01,6.576048781,-72.46910186,2797,0.5,0,1,1,16,0
12.0,2032-12-01,6.176715803,-72.49498527,2797,0.5,0,1,1,17,1
12.0,2032-12-01,6.175772,-72.487152,2797,0.5,0,1,1,17,1
12.0,2032-12-01,6.169167,-72.494167,2797,0.5,0,1,1,17,0
12.0,2032-12-01,6.151389,-72.427222,2797,0.5,0,1,1,17,1
12.0,2032-12-01,6.16333,-72.48606,2797,0.5,0,1,1,17,1
12.0,2032-12-01,5.92,-72.389167,2797,0.5,0,1,1,17,0
12.0,2032-12-01,5.939722,-72.4275,2797,0.5,0,1,1,17,0
12.0,2032-12-01,6.189945606,-72.47061959,2797,0.5,0,1,1,17,1
12.0,2032-12-01,6.241437142,-72.49745991,2797,0.5,0,1,1,17,0
12.0,2032-12-01,6.169716,-72.480152,2797,0.5,0,1,1,17,0
12.0,2032-12-01,6.201842911,-72.46700281,2797,0.5,0,1,1,17,0
12.0,2032-12-01,6.148611,-72.480556,2797,0.5,0,1,1,17,1
12.0,2032-12-01,6.157222,-72.472222,2797,0.5,0,1,1,17,0
12.0,2032-12-01,6.2075,-72.5225,2797,0.5,0,1,1,17,0
12.0,2032-12-01,6.186389,-72.4725,2797,0.5,0,1,1,17,0
12.0,2032-12-01,5.9475,-72.432778,2797,0.5,0,1,1,17,0
18.0,2032-12-01,5.954448251,-72.37046283,2797,0.5,0,1,1,17,1
12.0,2032-12-01,6.151111,-72.481667,2797,0.5,0,1,1,17,1
12.0,2032-12-01,6.07011355,-72.51632934,2797,0.5,0,1,1,17,1
12.0,2032-12-01,6.039222728,-73.407548,2797,0.5,0,1,1,18,0
12.0,2032-12-01,5.996926,-73.400178,2797,0.5,0,1,1,18,0
15.0,2032-12-01,5.971872646,-73.43128008,2797,0.5,0,1,1,18,0
12.0,2032-12-01,6.005388,-73.43391,2797,0.5,0,1,1,18,0
12.0,2032-12-01,5.970482,-73.45754,2797,0.5,0,1,1,18,1
12.0,2032-12-01,6.012815,-73.467596,2797,0.5,0,1,1,18,1
12.0,2032-12-01,5.532365715,-73.28473186,2797,0.5,0,1,1,19,1
12.0,2032-12-01,5.611095,-73.238564,2797,0.5,0,1,1,19,0
12.0,2032-12-01,5.566056503,-73.29008564,2797,0.5,0,1,1,19,0
12.0,2032-12-01,5.549269406,-73.29881827,2797,0.5,0,1,1,19,0
12.0,2032-12-01,4.88428404,-73.38601522,2797,0.5,0,1,1,20,0
12.0,2032-12-01,4.857521052,-73.36064422,2797,0.5,0,1,1,20,0
12.0,2032-12-01,4.863689805,-73.36508786,2797,0.5,0,1,1,20,0
12.0,2032-12-01,4.900032503,-73.36244309,2797,0.5,0,1,1,20,0
18.0,2032-12-01,5.382778,-73.308889,2797,0.5,0,1,1,21,1
12.0,2032-12-01,5.373352,-73.306397,2797,0.5,0,1,1,21,1
12.0,2032-12-01,5.410184,-73.270217,2797,0.5,0,1,1,21,0
15.0,2032-12-01,5.696662134,-73.27634515,2797,0.5,0,1,1,22,1
12.0,2032-12-01,5.662445484,-73.34463568,2797,0.5,0,1,1,22,0
12.0,2032-12-01,5.661038,-73.291591,2797,0.5,0,1,1,22,1
12.0,2032-12-01,5.628122,-73.30398,2797,0.5,0,1,1,22,0
12.0,2032-12-01,5.69464,-73.34794,2797,0.5,0,1,1,22,1
15.0,2032-12-01,5.69625751,-73.31010883,2797,0.5,0,1,1,22,1
12.0,2032-12-01,5.730928,-73.35462,2797,0.5,0,1,1,22,0
12.0,2032-12-01,5.680529388,-73.2995211,2797,0.5,0,1,1,22,0
15.0,2032-12-01,5.64621756,-73.30732573,2797,0.5,0,1,1,22,1
12.0,2032-12-01,5.671392258,-73.28181791,2797,0.5,0,1,1,22,0
15.0,2032-12-01,5.66358644,-73.3393601,2797,0.5,0,1,1,22,1
15.0,2032-12-01,5.71436,-73.33197,2797,0.5,0,1,1,22,0
12.0,2032-12-01,5.525387588,-74.00649878,2797,0.5,0,1,1,23,1
12.0,2032-12-01,5.451933627,-74.0209897,2797,0.5,0,1,1,23,0
12.0,2032-12-01,5.812517629,-72.83421905,2797,0.5,0,1,1,24,0
12.0,2032-12-01,6.471685,-72.718905,2797,0.5,0,1,1,25,1
12.0,2032-12-01,6.523164147,-72.74381175,2797,0.5,0,1,1,25,1
12.0,2032-12-01,6.5582029,-72.79673632,2797,0.5,0,1,1,25,0
12.0,2032-12-01,6.516141048,-72.71202548,2797,0.5,0,1,1,25,0
12.0,2032-12-01,6.496822204,-72.73248884,2797,0.5,0,1,1,25,0
12.0,2032-12-01,6.5625277777778,-72.77025,2797,0.5,0,1,1,25,1
12.0,2032-12-01,7.005160163,-71.96956287,2797,0.5,0,1,1,26,0
12.0,2032-12-01,6.931396872,-71.99664113,2797,0.5,0,1,1,26,0
12.0,2032-12-01,6.965851467,-71.97960419,2797,0.5,0,1,1,26,0
12.0,2032-12-01,7.008872122,-72.02452842,2797,0.5,0,1,1,26,0
12.0,2032-12-01,6.99999174,-71.9925247,2797,0.5,0,1,1,26,0
15.0,2032-12-01,6.97094564,-72.09034768,2797,0.5,0,1,1,26,0
15.0,2032-12-01,7.027003615,-72.20084648,2797,0.5,0,1,1,26,0
12.0,2032-12-01,6.968801999,-72.12237185,2797,0.5,0,1,1,26,0
18.0,2032-12-01,6.91928714,-72.11495541,2797,0.5,0,1,1,26,0
12.0,2032-12-01,5.541667,-73.426944,2797,0.5,0,1,1,27,0
12.0,2032-12-01,5.524722,-73.433611,2797,0.5,0,1,1,27,0
12.0,2032-12-01,5.604043,-72.916229,2797,0.5,0,1,1,28,0
12.0,2032-12-01,5.57557,-72.961534,2797,0.5,0,1,1,28,0
12.0,2032-12-01,6.414722,-72.409444,2797,0.5,0,1,1,29,0
12.0,2032-12-01,6.358333,-72.461944,2797,0.5,0,1,1,29,0
12.0,2032-12-01,6.339781681,-72.41722681,2797,0.5,0,1,1,29,0
12.0,2032-12-01,6.376687122,-72.4186188,2797,0.5,0,1,1,29,0
12.0,2032-12-01,6.3939977,-72.42018924,2797,0.5,0,1,1,29,0
12.0,2032-12-01,6.390678352,-72.40709031,2797,0.5,0,1,1,29,0
12.0,2032-12-01,6.400278,-72.443333,2797,0.5,0,1,1,29,0
18.0,2032-12-01,6.532104187,-72.48534299,2797,0.5,0,1,1,30,0
12.0,2032-12-01,6.529722,-72.473333,2797,0.5,0,1,1,30,0
12.0,2032-12-01,5.713108,-72.948215,2797,0.5,0,1,1,31,0
12.0,2032-12-01,5.704809705,-72.97233619,2797,0.5,0,1,1,31,0
12.0,2032-12-01,5.654851,-73.062221,2797,0.5,0,1,1,31,0
15.0,2032-12-01,5.655014,-73.065008,2797,0.5,0,1,1,31,0
12.0,2032-12-01,5.83931564,-72.93795298,2797,0.5,0,1,1,32,1
12.0,2032-12-01,5.859071,-72.942732,2797,0.5,0,1,1,32,1
12.0,2032-12-01,5.74022,-73.56939,2797,0.5,0,1,1,33,0
12.0,2032-12-01,5.76078435,-73.56927433,2797,0.5,0,1,1,33,1
12.0,2032-12-01,5.77975016,-73.54272102,2797,0.5,0,1,1,33,1
12.0,2032-12-01,5.72394,-73.51989,2797,0.5,0,1,1,33,0
12.0,2032-12-01,5.77944883,-73.51379631,2797,0.5,0,1,1,33,1
15.0,2032-12-01,5.713146,-73.540203,2797,0.5,0,1,1,33,1
12.0,2032-12-01,5.788333,-72.777222,2797,0.5,0,1,1,34,1
12.0,2032-12-01,5.820565682,-72.78653903,2797,0.5,0,1,1,34,0
15.0,2032-12-01,5.795945991,-72.77919817,2797,0.5,0,1,1,34,1
12.0,2032-12-01,5.778889,-72.728889,2797,0.5,0,1,1,34,0
15.0,2032-12-01,5.106775193,-73.260439871,2797,0.5,0,1,1,35,0
12.0,2032-12-01,5.036251717,-73.3884973,2797,0.5,0,1,1,35,1
12.0,2032-12-01,5.042821897,-73.3794267,2797,0.5,0,1,1,35,1
12.0,2032-12-01,6.445466,-72.488683,2797,0.5,0,1,1,36,0
12.0,2032-12-01,6.434105724,-72.54641908,2797,0.5,0,1,1,36,0
12.0,2032-12-01,5.012050905,-73.48939554,2797,0.5,0,1,1,37,0
12.0,2032-12-01,4.994722,-73.459444,2797,0.5,0,1,1,37,0
12.0,2032-12-01,4.999320788,-73.49762848,2797,0.5,0,1,1,37,0
12.0,2032-12-01,4.991711272,-73.49423267,2797,0.5,0,1,1,37,0
12.0,2032-12-01,4.97,-73.489444,2797,0.5,0,1,1,38,0
12.0,2032-12-01,4.93583,-73.48475,2797,0.5,0,1,1,38,1
12.0,2032-12-01,4.969722,-73.473056,2797,0.5,0,1,1,38,1
12.0,2032-12-01,6.425833,-72.369444,2797,0.5,0,1,1,39,0
12.0,2032-12-01,6.422778,-72.370556,2797,0.5,0,1,1,39,0
12.0,2032-12-01,6.366944,-72.31,2797,0.5,0,1,1,39,0
12.0,2032-12-01,6.4625,-72.409722,2797,0.5,0,1,1,39,0
12.0,2032-12-01,6.464901221,-72.43591733,2797,0.5,0,1,1,39,0
12.0,2032-12-01,6.463889,-72.408889,2797,0.5,0,1,1,39,0
12.0,2032-12-01,5.608731,-72.996886,2797,0.5,0,1,1,40,0
12.0,2032-12-01,5.326389,-73.336667,2797,0.5,0,1,1,41,0
12.0,2032-12-01,5.344536,-73.348989,2797,0.5,0,1,1,41,0
15.0,2032-12-01,5.402437621,-73.35554118,2797,0.5,0,1,1,41,0
12.0,2032-12-01,5.394342,-73.40945,2797,0.5,0,1,1,41,0
12.0,2032-12-01,5.349982,-73.346283,2797,0.5,0,1,1,41,0
15.0,2032-12-01,5.411703,-73.413117,2797,0.5,0,1,1,41,0
12.0,2032-12-01,5.398192662,-73.38955796,2797,0.5,0,1,1,41,0
12.0,2032-12-01,5.390958,-73.376883,2797,0.5,0,1,1,41,0
12.0,2032-12-01,6.17466758,-72.57355434,2797,0.5,0,1,1,42,1
15.0,2032-12-01,6.149434361,-72.52607031,2797,0.5,0,1,1,42,1
12.0,2032-12-01,6.149434361,-72.52607031,2797,0.5,0,1,1,42,1
12.0,2032-12-01,6.118041,-72.59005,2797,0.5,0,1,1,42,1
12.0,2032-12-01,6.13980263,-72.55665167,2797,0.5,0,1,1,42,1
12.0,2032-12-01,6.141264,-72.592594,2797,0.5,0,1,1,42,1
12.0,2032-12-01,6.13550239,-72.54402496,2797,0.5,0,1,1,42,1
12.0,2032-12-01,6.10522577,-72.54715482,2797,0.5,0,1,1,42,1
12.0,2032-12-01,6.134514433,-72.58588958,2797,0.5,0,1,1,42,1
12.0,2032-12-01,5.108547211,-73.45930816,2797,0.5,0,1,1,43,1
12.0,2032-12-01,5.083709802,-73.45266302,2797,0.5,0,1,1,43,0
12.0,2032-12-01,6.234821889,-72.53574771,2797,0.5,0,1,1,44,0
12.0,2032-12-01,6.26667849,-72.54355319,2797,0.5,0,1,1,44,1
15.0,2032-12-01,6.246399356,-72.54353322,2797,0.5,0,1,1,44,1
12.0,2032-12-01,5.52711,-74.25953,2797,0.5,0,1,1,45,0
12.0,2032-12-01,5.505695928,-74.24953443,2797,0.5,0,1,1,45,1
15.0,2032-12-01,5.51201683,-72.63932662,2797,0.5,0,1,1,46,0
12.0,2032-12-01,5.602865531,-72.62514581,2797,0.5,0,1,1,46,0
12.0,2032-12-01,5.51201683,-72.63932662,2797,0.5,0,1,1,46,0
12.0,2032-12-01,5.46750178,-72.6250618,2797,0.5,0,1,1,46,0
12.0,2032-12-01,5.017977163,-73.35545958,2797,0.5,0,1,1,47,1
12.0,2032-12-01,4.952779932,-73.305015,2797,0.5,0,1,1,47,1
12.0,2032-12-01,5.00822,-73.24258,2797,0.5,0,1,1,47,1
12.0,2032-12-01,5.635605174,-74.05661466,2797,0.5,0,1,1,48,1
12.0,2032-12-01,5.601150579,-73.98637297,2797,0.5,0,1,1,48,1
12.0,2032-12-01,5.574129247,-73.993010769,2797,0.5,0,1,1,48,1
15.0,2032-12-01,5.588824971,-74.05133226,2797,0.5,0,1,1,48,0
15.0,2032-12-01,5.58391356,-74.06857072,2797,0.5,0,1,1,48,1
12.0,2032-12-01,5.093654669,-73.24694738,2797,0.5,0,1,1,49,1
15.0,2032-12-01,5.21973041,-73.1663717,2797,0.5,0,1,1,49,0
18.0,2032-12-01,5.191034111,-73.11530846,2797,0.5,0,1,1,49,1
12.0,2032-12-01,5.751389,-72.795278,2797,0.5,0,1,1,50,1
12.0,2032-12-01,5.767972,-72.748939,2797,0.5,0,1,1,50,1
12.0,2032-12-01,5.745278,-72.8,2797,0.5,0,1,1,50,1
12.0,2032-12-01,5.75465,-72.768011,2797,0.5,0,1,1,50,0
12.0,2032-12-01,5.695379364,-72.86964691,2797,0.5,0,1,1,51,0
15.0,2032-12-01,5.716963455,-72.83988533,2797,0.5,0,1,1,51,1
15.0,2032-12-01,5.914444,-73.570278,2797,0.5,0,1,1,52,1
12.0,2032-12-01,5.856675,-73.573011,2797,0.5,0,1,1,52,0
15.0,2032-12-01,5.910556,-73.598333,2797,0.5,0,1,1,52,1
12.0,2032-12-01,5.831944,-73.564167,2797,0.5,0,1,1,52,0
12.0,2032-12-01,5.818889,-73.541389,2797,0.5,0,1,1,52,0
15.0,2032-12-01,5.88748564,-73.586008,2797,0.5,0,1,1,52,0
12.0,2032-12-01,5.8845,-73.54497,2797,0.5,0,1,1,52,1
18.0,2032-12-01,5.795353524,-73.6095409,2797,0.5,0,1,1,52,1
15.0,2032-12-01,5.908984684,-73.59771974,2797,0.5,0,1,1,52,1
18.0,2032-12-01,5.8833314488427,-73.572945669293,2797,0.5,0,1,1,52,0
12.0,2032-12-01,5.598850844,-73.38603982,2797,0.5,0,1,1,53,1
12.0,2032-12-01,5.664059973,-73.36978215,2797,0.5,0,1,1,53,1
12.0,2032-12-01,5.588982,-73.382397,2797,0.5,0,1,1,53,1
12.0,2032-12-01,5.5198813,-74.08975647,2797,0.5,0,1,1,54,1
15.0,2032-12-01,5.500417309,-74.12197438,2797,0.5,0,1,1,54,1
12.0,2032-12-01,5.546882234,-74.10476909,2797,0.5,0,1,1,54,0
12.0,2032-12-01,5.551328257,-74.08855247,2797,0.5,0,1,1,54,1
12.0,2032-12-01,5.587880347,-74.10185425,2797,0.5,0,1,1,54,0
12.0,2032-12-01,5.525644355,-74.09902447,2797,0.5,0,1,1,54,0
12.0,2032-12-01,5.560786614,-74.15679541,2797,0.5,0,1,1,54,1
12.0,2032-12-01,5.773889,-72.938056,2797,0.5,0,1,1,55,1
15.0,2032-12-01,5.768056,-72.911944,2797,0.5,0,1,1,55,1
12.0,2032-12-01,5.799597418,-72.98112811,2797,0.5,0,1,1,55,1
12.0,2032-12-01,5.781571,-72.955565,2797,0.5,0,1,1,55,1
12.0,2032-12-01,5.766126,-72.970009,2797,0.5,0,1,1,55,1
12.0,2032-12-01,5.382069974,-73.44435311,2797,0.5,0,1,1,56,1
12.0,2032-12-01,5.335575305,-73.44216401,2797,0.5,0,1,1,56,1
12.0,2032-12-01,5.348900287,-73.47171691,2797,0.5,0,1,1,56,1
12.0,2032-12-01,5.300621023,-73.46636313,2797,0.5,0,1,1,56,1
18.0,2032-12-01,5.369387446,-73.43723852,2797,0.5,0,1,1,56,1
12.0,2032-12-01,5.621264428,-73.26062692,2797,0.5,0,1,1,57,0
12.0,2032-12-01,5.62863775,-73.27333609,2797,0.5,0,1,1,57,1
12.0,2032-12-01,5.631615083,-73.28656305,2797,0.5,0,1,1,57,1
12.0,2032-12-01,5.649526291,-74.24342973,2797,0.5,0,1,1,58,0
12.0,2032-12-01,5.730546938,-74.21285366,2797,0.5,0,1,1,58,0
12.0,2032-12-01,5.805202527,-74.09596263,2797,0.5,0,1,1,58,0
12.0,2032-12-01,5.723646501,-74.28132265,2797,0.5,0,1,1,58,0
12.0,2032-12-01,5.780813052,-74.12517052,2797,0.5,0,1,1,58,0
12.0,2032-12-01,5.84496371,-74.16762282,2797,0.5,0,1,1,58,0
12.0,2032-12-01,5.656667,-74.181667,2797,0.5,0,1,1,58,0
15.0,2032-12-01,5.81031,-74.12164,2797,0.5,0,1,1,58,0
15.0,2032-12-01,5.659167,-74.181111,2797,0.5,0,1,1,58,0
12.0,2032-12-01,5.139418027,-73.39363451,2797,0.5,0,1,1,59,0
12.0,2032-12-01,5.0992325,-73.38231422,2797,0.5,0,1,1,59,1
12.0,2032-12-01,5.039630579,-73.0040323,2797,0.5,0,1,1,60,0
12.0,2032-12-01,5.039722,-73.003611,2797,0.5,0,1,1,60,0
12.0,2032-12-01,5.737513,-73.135564,2797,0.5,0,1,1,61,0
12.0,2032-12-01,5.758333,-73.110833,2797,0.5,0,1,1,61,0
12.0,2032-12-01,5.793889,-73.123056,2797,0.5,0,1,1,61,0
15.0,2032-12-01,5.802596,-73.120371,2797,0.5,0,1,1,61,1
12.0,2032-12-01,5.71046266,-73.13148815,2797,0.5,0,1,1,61,0
15.0,2032-12-01,5.783601,-73.12862,2797,0.5,0,1,1,61,1
12.0,2032-12-01,5.79434411,-73.15225117,2797,0.5,0,1,1,61,0
12.0,2032-12-01,5.83005276,-73.12489161,2797,0.5,0,1,1,61,1
12.0,2032-12-01,5.750517849,-73.14985488,2797,0.5,0,1,1,61,0
12.0,2032-12-01,5.737222,-73.0725,2797,0.5,0,1,1,61,1
12.0,2032-12-01,5.870556,-73.166944,2797,0.5,0,1,1,61,1
12.0,2032-12-01,5.76940692,-73.11405503,2797,0.5,0,1,1,61,1
12.0,2032-12-01,5.780513802,-73.09193419,2797,0.5,0,1,1,61,1
18.0,2032-12-01,5.89998178,-73.18724588,2797,0.5,0,1,1,61,1
18.0,2032-12-01,5.737222,-73.0725,2797,0.5,0,1,1,61,1
15.0,2032-12-01,5.410270931,-72.71852461,2797,0.5,0,1,1,62,1
12.0,2032-12-01,5.329457773,-72.69347127,2797,0.5,0,1,1,62,0
12.0,2032-12-01,5.373557752,-72.70831815,2797,0.5,0,1,1,62,0
15.0,2032-12-01,5.374985428,-72.69366067,2797,0.5,0,1,1,62,1
12.0,2032-12-01,6.443611,-72.460278,2797,0.5,0,1,1,63,0
12.0,2032-12-01,6.443611,-72.459722,2797,0.5,0,1,1,63,0
12.0,2032-12-01,6.43457347,-72.45302585,2797,0.5,0,1,1,63,0
15.0,2032-12-01,5.592247577,-73.92511741,2797,0.5,0,1,1,64,0
15.0,2032-12-01,5.773140449,-74.05920167,2797,0.5,0,1,1,64,0
12.0,2032-12-01,5.687080103,-73.96017802,2797,0.5,0,1,1,64,1
12.0,2032-12-01,5.669186556,-73.94932768,2797,0.5,0,1,1,64,1
12.0,2032-12-01,5.654005595,-73.95356312,2797,0.5,0,1,1,64,1
12.0,2032-12-01,5.696122055,-74.03013417,2797,0.5,0,1,1,64,0
12.0,2032-12-01,5.733955485,-74.03936648,2797,0.5,0,1,1,64,0
15.0,2032-12-01,5.71028,-74.012787,2797,0.5,0,1,1,64,1
12.0,2032-12-01,5.651111,-72.293333,2797,0.5,0,1,1,65,0
12.0,2032-12-01,5.552680041,-72.34446204,2797,0.5,0,1,1,65,0
12.0,2032-12-01,5.66070757,-72.29687282,2797,0.5,0,1,1,65,0
15.0,2032-12-01,5.63082154,-72.29858604,2797,0.5,0,1,1,65,0
12.0,2032-12-01,6.00893871,-72.77197324,2797,0.5,0,1,1,66,1
12.0,2032-12-01,5.527481065,-73.08061532,2797,0.5,0,1,1,67,0
12.0,2032-12-01,5.563941,-73.081896,2797,0.5,0,1,1,67,0
12.0,2032-12-01,5.586586877,-73.06953655,2797,0.5,0,1,1,67,0
12.0,2032-12-01,5.51037,-73.046393,2797,0.5,0,1,1,67,0
12.0,2032-12-01,5.62016583,-73.01237237,2797,0.5,0,1,1,67,0
12.0,2032-12-01,5.607830705,-73.06245527,2797,0.5,0,1,1,67,0
12.0,2032-12-01,5.65860758,-72.50372261,2797,0.5,0,1,1,68,0
12.0,2032-12-01,5.722222,-72.484167,2797,0.5,0,1,1,68,0
15.0,2032-12-01,6.103691798,-74.45334402,2797,0.5,0,1,1,69,1
18.0,2032-12-01,5.909699293,-74.34039117,2797,0.5,0,1,1,69,1
12.0,2032-12-01,5.908937866,-74.34981383,2797,0.5,0,1,1,69,1
12.0,2032-12-01,5.803956046,-74.50476433,2797,0.5,0,1,1,69,1
12.0,2032-12-01,5.77361,-74.455483,2797,0.5,0,1,1,69,0
12.0,2032-12-01,5.779260348,-74.60676764,2797,0.5,0,1,1,69,1
15.0,2032-12-01,5.86534614,-74.56006301,2797,0.5,0,1,1,69,1
12.0,2032-12-01,5.9375,-74.582778,2797,0.5,0,1,1,69,0
15.0,2032-12-01,5.941774428,-74.50524023,2797,0.5,0,1,1,69,1
12.0,2032-12-01,5.919788208,-74.44775245,2797,0.5,0,1,1,69,1
12.0,2032-12-01,5.87572059,-74.45070298,2797,0.5,0,1,1,69,0
12.0,2032-12-01,5.764793225,-74.64360169,2797,0.5,0,1,1,69,1
15.0,2032-12-01,5.837363679,-74.33725028,2797,0.5,0,1,1,69,1
12.0,2032-12-01,5.974444,-74.6,2797,0.5,0,1,1,69,0
12.0,2032-12-01,5.974444,-74.600278,2797,0.5,0,1,1,69,0
15.0,2032-12-01,6.084703699,-74.46899493,2797,0.5,0,1,1,69,1
15.0,2032-12-01,6.077755673,-74.50711984,2797,0.5,0,1,1,69,1
15.0,2032-12-01,5.782445719,-74.4982922,2797,0.5,0,1,1,69,1
18.0,2032-12-01,6.065096941,-74.26730586,2797,0.5,0,1,1,69,1
21.0,2032-12-01,5.942173985,-74.56461951,2797,1,0,1,1,69,1
21.0,2032-12-01,6.223212125,-74.56091945,2797,1,0,1,1,69,0
12.0,2032-12-01,5.520278,-74.179722,2797,0.5,0,1,1,70,0
12.0,2032-12-01,5.597861,-74.275842,2797,0.5,0,1,1,70,0
12.0,2032-12-01,5.53889,-74.171398,2797,0.5,0,1,1,70,0
12.0,2032-12-01,5.518056,-74.178611,2797,0.5,0,1,1,70,0
15.0,2032-12-01,5.520278,-74.175,2797,0.5,0,1,1,70,0
12.0,2032-12-01,5.352714,-73.310069,2797,0.5,0,1,1,71,1
12.0,2032-12-01,5.37326,-73.315311,2797,0.5,0,1,1,71,0
12.0,2032-12-01,5.400278,-73.336389,2797,0.5,0,1,1,71,1
12.0,2032-12-01,5.400556,-73.323889,2797,0.5,0,1,1,71,1
12.0,2032-12-01,5.338545,-73.312213,2797,0.5,0,1,1,71,0
12.0,2032-12-01,5.256691,-73.307538,2797,0.5,0,1,1,71,1
12.0,2032-12-01,5.354296,-73.317924,2797,0.5,0,1,1,71,0
12.0,2032-12-01,5.253889,-73.300556,2797,0.5,0,1,1,71,1
18.0,2032-12-01,5.337232,-73.325838,2797,0.5,0,1,1,71,1
12.0,2032-12-01,5.497615208,-73.62163528,2797,0.5,0,1,1,72,1
12.0,2032-12-01,5.499956598,-73.55921726,2797,0.5,0,1,1,72,1
15.0,2032-12-01,5.428391928,-73.62386245,2797,0.5,0,1,1,72,0
12.0,2032-12-01,5.484709012,-73.58200298,2797,0.5,0,1,1,72,1
12.0,2032-12-01,5.538333,-73.633333,2797,0.5,0,1,1,72,1
18.0,2032-12-01,5.518416456,-73.60433898,2797,0.5,0,1,1,72,1
12.0,2032-12-01,5.494444,-73.632778,2797,0.5,0,1,1,72,1
12.0,2032-12-01,5.455241766,-73.70501159,2797,0.5,0,1,1,72,1
15.0,2032-12-01,5.531622465,-73.65508098,2797,0.5,0,1,1,72,1
12.0,2032-12-01,5.513889,-73.6325,2797,0.5,0,1,1,72,1
12.0,2032-12-01,5.320374,-73.201182,2797,0.5,0,1,1,73,1
12.0,2032-12-01,5.37527777778,-73.19,2797,0.5,0,1,1,73,0
18.0,2032-12-01,5.328816,-73.222088,2797,0.5,0,1,1,73,1
12.0,2032-12-01,5.656389,-73.813611,2797,0.5,0,1,1,74,0
12.0,2032-12-01,5.709762,-73.71595,2797,0.5,0,1,1,74,0
12.0,2032-12-01,5.697778,-73.711667,2797,0.5,0,1,1,74,0
12.0,2032-12-01,5.720007,-73.713899,2797,0.5,0,1,1,74,0
15.0,2032-12-01,5.68737546,-73.80635436,2797,0.5,0,1,1,74,1
15.0,2032-12-01,5.716395,-73.711398,2797,0.5,0,1,1,74,0
12.0,2032-12-01,5.677222,-73.696944,2797,0.5,0,1,1,74,1
12.0,2032-12-01,5.653611,-73.754722,2797,0.5,0,1,1,74,0
12.0,2032-12-01,5.745634432,-73.72371845,2797,0.5,0,1,1,74,1
12.0,2032-12-01,5.656111,-73.706389,2797,0.5,0,1,1,74,1
12.0,2032-12-01,5.6425,-73.698333,2797,0.5,0,1,1,74,1
12.0,2032-12-01,5.723564931,-73.77895169,2797,0.5,0,1,1,74,0
12.0,2032-12-01,5.6975,-73.751389,2797,0.5,0,1,1,74,0
12.0,2032-12-01,5.726003879,-73.76089753,2797,0.5,0,1,1,74,1
15.0,2032-12-01,5.695496809,-73.7074709,2797,0.5,0,1,1,74,0
12.0,2032-12-01,5.755461606,-73.73760499,2797,0.5,0,1,1,74,0
12.0,2032-12-01,5.728006,-73.722288,2797,0.5,0,1,1,74,0
12.0,2032-12-01,5.657544406,-73.81347589,2797,0.5,0,1,1,74,0
12.0,2032-12-01,5.674167,-73.726111,2797,0.5,0,1,1,74,0
12.0,2032-12-01,5.689464876,-73.78237336,2797,0.5,0,1,1,74,0
15.0,2032-12-01,5.756111,-73.734722,2797,0.5,0,1,1,74,1
18.0,2032-12-01,5.685741019,-73.71074266,2797,0.5,0,1,1,74,1
12.0,2032-12-01,5.564175,-73.51973,2797,0.5,0,1,1,75,0
15.0,2032-12-01,5.610458599,-73.56007912,2797,0.5,0,1,1,75,0
12.0,2032-12-01,5.553619,-73.531119,2797,0.5,0,1,1,75,1
12.0,2032-12-01,5.516675,-73.516674,2797,0.5,0,1,1,76,0
15.0,2032-12-01,5.473008,-73.52034,2797,0.5,0,1,1,76,0
15.0,2032-12-01,5.476944,-73.486389,2797,0.5,0,1,1,76,1
12.0,2032-12-01,5.459452,-73.573896,2797,0.5,0,1,1,76,0
15.0,2032-12-01,5.521756756,-73.50569715,2797,0.5,0,1,1,76,1
12.0,2032-12-01,5.489676,-73.487007,2797,0.5,0,1,1,76,0
12.0,2032-12-01,5.496111,-73.477222,2797,0.5,0,1,1,76,0
12.0,2032-12-01,5.471111,-73.485,2797,0.5,0,1,1,76,0
15.0,2032-12-01,5.4925,-73.486111,2797,0.5,0,1,1,76,1
12.0,2032-12-01,5.496389,-73.488611,2797,0.5,0,1,1,76,1
15.0,2032-12-01,5.46,-73.465,2797,0.5,0,1,1,76,1
12.0,2032-12-01,5.517509,-73.48884,2797,0.5,0,1,1,76,1
12.0,2032-12-01,5.505676,-73.461118,2797,0.5,0,1,1,76,1
12.0,2032-12-01,5.456342,-73.48684,2797,0.5,0,1,1,76,1
12.0,2032-12-01,5.476398,-73.440563,2797,0.5,0,1,1,76,1
12.0,2032-12-01,5.46,-73.464722,2797,0.5,0,1,1,76,0
12.0,2032-12-01,5.495037,-73.471118,2797,0.5,0,1,1,76,0
12.0,2032-12-01,5.475008,-73.522174,2797,0.5,0,1,1,76,1
12.0,2032-12-01,5.211111,-73.048889,2797,0.5,0,1,1,77,0
12.0,2032-12-01,5.223611,-73.079722,2797,0.5,0,1,1,77,0
12.0,2032-12-01,6.00241413,-73.50465835,2797,0.5,0,1,1,78,1
12.0,2032-12-01,6.024298388,-73.52615888,2797,0.5,0,1,1,78,1
12.0,2032-12-01,5.992318432,-73.52311317,2797,0.5,0,1,1,78,0
12.0,2032-12-01,6.018849422,-73.55047697,2797,0.5,0,1,1,78,0
12.0,2032-12-01,5.965556,-73.563333,2797,0.5,0,1,1,78,1
12.0,2032-12-01,4.754816,-73.068664,2797,0.5,0,1,1,79,0
12.0,2032-12-01,4.748737719,-73.14679159,2797,0.5,0,1,1,79,0
15.0,2032-12-01,4.723333,-73.121389,2797,0.5,0,1,1,79,0
12.0,2032-12-01,4.805511659,-73.08882792,2797,0.5,0,1,1,79,0
12.0,2032-12-01,6.42574711,-72.61518364,2797,0.5,0,1,1,80,0
12.0,2032-12-01,6.43429382,-72.58792358,2797,0.5,0,1,1,80,1
15.0,2032-12-01,6.444467687,-72.60237332,2797,0.5,0,1,1,80,0
15.0,2032-12-01,6.409909,-72.591182,2797,0.5,0,1,1,80,0
12.0,2032-12-01,5.569167,-73.740833,2797,0.5,0,1,1,81,1
12.0,2032-12-01,5.559173,-73.763897,2797,0.5,0,1,1,81,1
15.0,2032-12-01,5.568889,-73.740833,2797,0.5,0,1,1,81,0
15.0,2032-12-01,5.514470315,-73.75835545,2797,0.5,0,1,1,81,1
15.0,2032-12-01,5.628222578,-74.16081664,2797,0.5,0,1,1,82,0
12.0,2032-12-01,5.651113786,-74.15830908,2797,0.5,0,1,1,82,0
12.0,2032-12-01,5.650556,-74.158056,2797,0.5,0,1,1,82,0
15.0,2032-12-01,5.651435014,-74.15767852,2797,0.5,0,1,1,82,0
21.0,2032-12-01,5.649342278,-74.14694834,2797,1,0,1,1,82,0
12.0,2032-12-01,5.649722,-74.066944,2797,0.5,0,1,1,82,0
15.0,2032-12-01,5.649451019,-74.06800703,2797,0.5,0,1,1,82,0
12.0,2032-12-01,4.810126905,-73.2446681,2797,0.5,0,1,1,83,0
12.0,2032-12-01,4.736125667,-73.21892233,2797,0.5,0,1,1,83,0
12.0,2032-12-01,4.865473168,-73.23500749,2797,0.5,0,1,1,83,0
12.0,2032-12-01,5.894743488,-72.99231009,2797,0.5,0,1,1,84,1
12.0,2032-12-01,5.896742235,-72.98637096,2797,0.5,0,1,1,84,1
12.0,2032-12-01,5.879153259,-73.00593013,2797,0.5,0,1,1,84,1
18.0,2032-12-01,5.909705538,-72.97671986,2797,0.5,0,1,1,84,1
12.0,2032-12-01,5.70361,-73.623895,2797,0.5,0,1,1,85,1
12.0,2032-12-01,5.743861,-73.603929,2797,0.5,0,1,1,85,1
12.0,2032-12-01,6.08526,-73.497513,2797,0.5,0,1,1,86,0
12.0,2032-12-01,6.052924871,-73.45878982,2797,0.5,0,1,1,86,1
12.0,2032-12-01,6.044031301,-73.46931917,2797,0.5,0,1,1,86,1
12.0,2032-12-01,6.019592,-73.496068,2797,0.5,0,1,1,86,1
12.0,2032-12-01,6.06837,-73.518735,2797,0.5,0,1,1,86,1
12.0,2032-12-01,6.141231698,-72.66937613,2797,0.5,0,1,1,87,1
12.0,2032-12-01,6.147827564,-72.69877675,2797,0.5,0,1,1,87,1
12.0,2032-12-01,6.136537022,-72.7191259,2797,0.5,0,1,1,87,1
12.0,2032-12-01,6.166018544,-72.67531527,2797,0.5,0,1,1,87,1
12.0,2032-12-01,6.120726991,-72.72727407,2797,0.5,0,1,1,87,1
12.0,2032-12-01,6.108516525,-72.70337019,2797,0.5,0,1,1,87,1
12.0,2032-12-01,6.059339275,-72.68774727,2797,0.5,0,1,1,88,0
12.0,2032-12-01,6.049952301,-72.68592698,2797,0.5,0,1,1,88,1
12.0,2032-12-01,5.531733,-73.243618,2797,0.5,0,1,1,89,0
12.0,2032-12-01,5.49305555556,-73.2625,2797,0.5,0,1,1,89,0
12.0,2032-12-01,5.52164,-73.28169,2797,0.5,0,1,1,89,1
12.0,2032-12-01,5.505,-73.2338888889,2797,0.5,0,1,1,89,0
12.0,2032-12-01,5.49305555556,-73.2625,2797,0.5,0,1,1,89,1
12.0,2032-12-01,5.524722,-73.263333,2797,0.5,0,1,1,89,0
15.0,2032-12-01,5.523789,-73.201034,2797,0.5,0,1,1,89,0
15.0,2032-12-01,5.506199228,-73.19326414,2797,0.5,0,1,1,89,0
12.0,2032-12-01,5.510345,-73.209478,2797,0.5,0,1,1,89,0
15.0,2032-12-01,5.516050197,-73.18355594,2797,0.5,0,1,1,89,0
15.0,2032-12-01,6.295968803,-72.67547423,2797,0.5,0,1,1,90,0
12.0,2032-12-01,6.28588729,-72.65374772,2797,0.5,0,1,1,90,1
12.0,2032-12-01,6.3124543,-72.66037781,2797,0.5,0,1,1,90,0
12.0,2032-12-01,6.01113,-72.698344,2797,0.5,0,1,1,91,1
12.0,2032-12-01,6.025059749,-72.66518476,2797,0.5,0,1,1,91,1
12.0,2032-12-01,6.013305211,-72.69878275,2797,0.5,0,1,1,91,0
12.0,2032-12-01,5.986702837,-72.74123234,2797,0.5,0,1,1,91,0
18.0,2032-12-01,5.94881487,-72.67372724,2797,0.5,0,1,1,91,1
15.0,2032-12-01,5.986111,-72.627222,2797,0.5,0,1,1,92,0
15.0,2032-12-01,5.936275518,-72.5004092,2797,0.5,0,1,1,92,0
12.0,2032-12-01,6.106389,-72.577778,2797,0.5,0,1,1,92,0
12.0,2032-12-01,6.100641524,-72.63633554,2797,0.5,0,1,1,92,0
15.0,2032-12-01,6.074312788,-72.58125102,2797,0.5,0,1,1,92,0
12.0,2032-12-01,6.059108032,-72.5758199,2797,0.5,0,1,1,92,0
12.0,2032-12-01,6.038909,-72.594594,2797,0.5,0,1,1,92,0
12.0,2032-12-01,6.09,-72.593889,2797,0.5,0,1,1,92,0
12.0,2032-12-01,6.018355025,-72.62046966,2797,0.5,0,1,1,92,0
15.0,2032-12-01,6.03267222,-72.60666961,2797,0.5,0,1,1,92,0
12.0,2032-12-01,6.037532621,-72.60655016,2797,0.5,0,1,1,92,0
12.0,2032-12-01,5.665556,-72.928611,2797,0.5,0,1,1,93,1
12.0,2032-12-01,5.689987,-72.925675,2797,0.5,0,1,1,93,1
15.0,2032-12-01,5.713611,-72.937778,2797,0.5,0,1,1,93,1
12.0,2032-12-01,5.709444,-72.886389,2797,0.5,0,1,1,93,1
18.0,2032-12-01,5.708889,-72.886667,2797,0.5,0,1,1,93,1
12.0,2032-12-01,4.97128795,-73.42512606,2797,0.5,0,1,1,94,1
18.0,2032-12-01,5.005369006,-73.43133698,2797,0.5,0,1,1,94,1
12.0,2032-12-01,5.604204,-73.411202,2797,0.5,0,1,1,95,0
12.0,2032-12-01,5.607703,-73.44073,2797,0.5,0,1,1,95,0
12.0,2032-12-01,5.592414,-73.427224,2797,0.5,0,1,1,95,0
12.0,2032-12-01,5.553065,-73.491369,2797,0.5,0,1,1,95,0
12.0,2032-12-01,5.497778,-73.333333,2797,0.5,0,1,1,96,0
15.0,2032-12-01,5.457130932,-73.33101517,2797,0.5,0,1,1,96,0
12.0,2032-12-01,5.461583498,-73.31420427,2797,0.5,0,1,1,96,0
15.0,2032-12-01,5.497078037,-73.3486371,2797,0.5,0,1,1,96,0
15.0,2032-12-01,5.502721405,-73.33630233,2797,0.5,0,1,1,96,0
12.0,2032-12-01,5.504808906,-73.29920142,2797,0.5,0,1,1,96,0
15.0,2032-12-01,5.487778,-73.302778,2797,0.5,0,1,1,96,0
15.0,2032-12-01,5.531352745,-73.3060733,2797,0.5,0,1,1,96,0
15.0,2032-12-01,5.518137219,-73.29494218,2797,0.5,0,1,1,96,0
12.0,2032-12-01,5.828856584,-73.29421539,2797,0.5,0,1,1,97,0
12.0,2032-12-01,5.726122,-73.295287,2797,0.5,0,1,1,97,0
12.0,2032-12-01,5.764722,-73.247222,2797,0.5,0,1,1,97,0
12.0,2032-12-01,5.725568,-73.261398,2797,0.5,0,1,1,97,0
12.0,2032-12-01,5.764722,-73.231111,2797,0.5,0,1,1,97,0
12.0,2032-12-01,5.7214,-73.277509,2797,0.5,0,1,1,97,0
12.0,2032-12-01,5.73403308,-73.29337068,2797,0.5,0,1,1,97,0
15.0,2032-12-01,5.723623,-73.240286,2797,0.5,0,1,1,97,0
12.0,2032-12-01,5.740178,-73.22262,2797,0.5,0,1,1,97,0
12.0,2032-12-01,5.766300554,-73.20826926,2797,0.5,0,1,1,97,0
12.0,2032-12-01,5.750278,-73.184167,2797,0.5,0,1,1,97,0
12.0,2032-12-01,6.192640832,-72.63547138,2797,0.5,0,1,1,98,0
12.0,2032-12-01,6.194582473,-72.80883891,2797,0.5,0,1,1,98,1
12.0,2032-12-01,5.64826244,-73.64996865,2797,0.5,0,1,1,99,0
12.0,2032-12-01,5.65189504,-73.62357914,2797,0.5,0,1,1,99,0
12.0,2032-12-01,5.008992399,-73.45121245,2797,0.5,0,1,1,100,0
12.0,2032-12-01,5.037940921,-73.40043285,2797,0.5,0,1,1,100,0
12.0,2032-12-01,5.008564096,-73.40038716,2797,0.5,0,1,1,100,0
12.0,2032-12-01,5.019973611,-73.431718,2797,0.5,0,1,1,100,0
15.0,2032-12-01,5.931685,-72.764732,2797,0.5,0,1,1,101,0
15.0,2032-12-01,5.906671551,-72.75461123,2797,0.5,0,1,1,101,0
12.0,2032-12-01,5.870751208,-72.75272669,2797,0.5,0,1,1,101,1
12.0,2032-12-01,5.861899613,-72.79995424,2797,0.5,0,1,1,101,0
15.0,2032-12-01,5.944933284,-72.77271417,2797,0.5,0,1,1,101,1
12.0,2032-12-01,5.977429583,-72.74302801,2797,0.5,0,1,1,101,1
12.0,2032-12-01,5.961725141,-72.76146883,2797,0.5,0,1,1,101,0
12.0,2032-12-01,5.107920219,-73.41092368,2797,0.5,0,1,1,102,0
12.0,2032-12-01,5.05826025,-73.42448442,2797,0.5,0,1,1,102,0
12.0,2032-12-01,5.057785,-73.425002,2797,0.5,0,1,1,102,0
15.0,2032-12-01,5.271842,-73.437587,2797,0.5,0,1,1,103,1
12.0,2032-12-01,5.321634101,-73.42653528,2797,0.5,0,1,1,103,1
12.0,2032-12-01,5.276397,-73.396392,2797,0.5,0,1,1,103,1
12.0,2032-12-01,5.316026,-73.370889,2797,0.5,0,1,1,103,0
15.0,2032-12-01,5.321667,-73.352778,2797,0.5,0,1,1,103,1
12.0,2032-12-01,5.323897,-73.429727,2797,0.5,0,1,1,103,0
15.0,2032-12-01,5.336999471,-73.4189448,2797,0.5,0,1,1,103,1
15.0,2032-12-01,5.310278,-73.333056,2797,0.5,0,1,1,103,1
12.0,2032-12-01,5.798290242,-73.01351201,2797,0.5,0,1,1,104,1
12.0,2032-12-01,5.699973,-73.045249,2797,0.5,0,1,1,104,0
12.0,2032-12-01,5.732081641,-73.03298094,2797,0.5,0,1,1,104,1
12.0,2032-12-01,5.765358502,-72.99788341,2797,0.5,0,1,1,104,1
12.0,2032-12-01,5.717525288,-72.95439488,2797,0.5,0,1,1,104,0
12.0,2032-12-01,5.77468934,-73.00735303,2797,0.5,0,1,1,104,1
15.0,2032-12-01,5.75211991,-73.05352596,2797,0.5,0,1,1,104,1
15.0,2032-12-01,5.774237,-72.97987,2797,0.5,0,1,1,104,1
18.0,2032-12-01,5.731451084,-72.96449807,2797,0.5,0,1,1,104,0
21.0,2032-12-01,5.79987923,-72.99915991,2797,1,0,1,1,104,1
12.0,2032-12-01,5.57486357,-73.66249592,2797,0.5,0,1,1,105,1
12.0,2032-12-01,5.55818571,-73.6742224,2797,0.5,0,1,1,105,1
12.0,2032-12-01,5.985730454,-73.483704968,2797,0.5,0,1,1,105,1
15.0,2032-12-01,6.421935894,-72.70183431,2797,0.5,0,1,1,106,0
12.0,2032-12-01,6.433887926,-72.69167848,2797,0.5,0,1,1,106,0
12.0,2032-12-01,6.46316579,-72.68486194,2797,0.5,0,1,1,106,1
12.0,2032-12-01,6.415308,-72.686408,2797,0.5,0,1,1,106,1
12.0,2032-12-01,6.433086,-72.688996,2797,0.5,0,1,1,106,0
12.0,2032-12-01,5.559402,-73.166317,2797,0.5,0,1,1,107,0
12.0,2032-12-01,5.601368,-73.153207,2797,0.5,0,1,1,107,0
12.0,2032-12-01,5.630272,-73.181515,2797,0.5,0,1,1,107,1
12.0,2032-12-01,5.575623,-73.14828,2797,0.5,0,1,1,107,0
12.0,2032-12-01,5.605568,-73.177229,2797,0.5,0,1,1,107,1
12.0,2032-12-01,5.571389,-73.194722,2797,0.5,0,1,1,107,1
15.0,2032-12-01,5.571389,-73.194444,2797,0.5,0,1,1,107,1
12.0,2032-12-01,5.912426,-73.490929,2797,0.5,0,1,1,108,1
15.0,2032-12-01,5.95820295,-73.48810302,2797,0.5,0,1,1,108,1
12.0,2032-12-01,5.921926,-73.528595,2797,0.5,0,1,1,108,0
12.0,2032-12-01,5.966739266,-73.51076739,2797,0.5,0,1,1,108,1
12.0,2032-12-01,5.923342,-73.519845,2797,0.5,0,1,1,108,1
12.0,2032-12-01,5.925286,-73.491373,2797,0.5,0,1,1,108,1
12.0,2032-12-01,5.965609022,-73.46793709,2797,0.5,0,1,1,108,0
12.0,2032-12-01,5.773919,-72.814963,2797,0.5,0,1,1,109,1
12.0,2032-12-01,5.759801479,-72.84865598,2797,0.5,0,1,1,109,1
18.0,2032-12-01,5.771647938,-72.85237982,2797,0.5,0,1,1,109,0
12.0,2032-12-01,5.47492124,-73.00074942,2797,0.5,0,1,1,110,1
15.0,2032-12-01,5.493347,-73.036228,2797,0.5,0,1,1,110,1
12.0,2032-12-01,5.49597468,-72.97709321,2797,0.5,0,1,1,110,1
12.0,2032-12-01,5.498575002,-73.01616778,2797,0.5,0,1,1,110,1
12.0,2032-12-01,5.555015,-72.961534,2797,0.5,0,1,1,110,1
15.0,2032-12-01,5.491410445,-72.96974211,2797,0.5,0,1,1,110,1
12.0,2032-12-01,5.511542,-73.021117,2797,0.5,0,1,1,110,1
12.0,2032-12-01,5.521264,-72.987867,2797,0.5,0,1,1,110,1
12.0,2032-12-01,5.572421575,-73.00717342,2797,0.5,0,1,1,110,1
12.0,2032-12-01,5.569722,-73.006111,2797,0.5,0,1,1,110,1
12.0,2032-12-01,5.539931,-72.999784,2797,0.5,0,1,1,110,1
12.0,2032-12-01,5.522778,-73.020278,2797,0.5,0,1,1,110,1
12.0,2032-12-01,5.464676,-73.406978,2797,0.5,0,1,1,111,1
12.0,2032-12-01,5.49212,-73.40434,2797,0.5,0,1,1,111,1
15.0,2032-12-01,5.536667,-73.36,2797,0.5,0,1,1,111,1
12.0,2032-12-01,5.534444,-73.360278,2797,0.5,0,1,1,111,1
15.0,2032-12-01,5.491944,-73.375,2797,0.5,0,1,1,111,1
12.0,2032-12-01,5.53951,-73.409424,2797,0.5,0,1,1,111,1
15.0,2032-12-01,5.496649,-73.381257,2797,0.5,0,1,1,111,1
12.0,2032-12-01,5.711798231,-73.95540617,2797,0.5,0,1,1,112,1
12.0,2032-12-01,5.724629474,-73.92660874,2797,0.5,0,1,1,112,1
12.0,2032-12-01,5.2637536,-73.5182473,2797,0.5,0,1,1,113,0
12.0,2032-12-01,5.289619,-73.522311,2797,0.5,0,1,1,113,1
12.0,2032-12-01,5.29828951,-73.48515825,2797,0.5,0,1,1,113,0
12.0,2032-12-01,5.270452,-73.504477,2797,0.5,0,1,1,113,1
15.0,2032-12-01,5.251396,-73.526392,2797,0.5,0,1,1,113,0
12.0,2032-12-01,5.66094,-73.238137,2797,0.5,0,1,1,114,0
12.0,2032-12-01,5.644895,-73.127118,2797,0.5,0,1,1,114,0
15.0,2032-12-01,5.659167,-73.150556,2797,0.5,0,1,1,114,1
15.0,2032-12-01,5.639734,-73.216119,2797,0.5,0,1,1,114,0
21.0,2032-12-01,5.716679,-73.225287,2797,1,0,1,1,114,1
18.0,2032-12-01,5.659167,-73.150556,2797,0.5,0,1,1,114,1
15.0,2032-12-01,5.710317,-73.188342,2797,0.5,0,1,1,114,0
12.0,2032-12-01,6.118984282,-72.83746413,2797,0.5,0,1,1,115,0
12.0,2032-12-01,6.068239706,-72.88544934,2797,0.5,0,1,1,115,0
18.0,2032-12-01,6.100425438,-72.86713886,2797,0.5,0,1,1,115,1
12.0,2032-12-01,5.29381981,-73.44800425,2797,0.5,0,1,1,116,1
12.0,2032-12-01,5.266952,-73.455004,2797,0.5,0,1,1,116,0
12.0,2032-12-01,5.24802244,-73.46126319,2797,0.5,0,1,1,116,1
12.0,2032-12-01,5.19365087,-73.45087553,2797,0.5,0,1,1,116,1
12.0,2032-12-01,5.18821,-73.436004,2797,0.5,0,1,1,116,1
12.0,2032-12-01,5.230278,-73.481111,2797,0.5,0,1,1,116,1
12.0,2032-12-01,5.173921196,-73.49380008,2797,0.5,0,1,1,116,1
12.0,2032-12-01,5.208701438,-73.50136112,2797,0.5,0,1,1,116,0
12.0,2032-12-01,5.18714,-73.47439,2797,0.5,0,1,1,116,1
12.0,2032-12-01,5.27885229,-73.4689642,2797,0.5,0,1,1,116,1
12.0,2032-12-01,5.22053707,-73.47237816,2797,0.5,0,1,1,116,1
12.0,2032-12-01,5.19498208,-73.46221386,2797,0.5,0,1,1,116,1
12.0,2032-12-01,5.21281,-73.5145,2797,0.5,0,1,1,116,1
12.0,2032-12-01,5.19303973,-73.43172196,2797,0.5,0,1,1,116,1
12.0,2032-12-01,5.21211165,-73.49164709,2797,0.5,0,1,1,116,1
12.0,2032-12-01,5.41473,-73.51945,2797,0.5,0,1,1,117,0
15.0,2032-12-01,5.445759,-73.432756,2797,0.5,0,1,1,117,0
15.0,2032-12-01,5.34854336,-73.58247399,2797,0.5,0,1,1,117,0
12.0,2032-12-01,5.33268562,-73.56706734,2797,0.5,0,1,1,117,0
12.0,2032-12-01,5.380750223,-73.5121266,2797,0.5,0,1,1,117,0
15.0,2032-12-01,5.382320671,-73.50671373,2797,0.5,0,1,1,117,0
12.0,2032-12-01,5.4325,-73.432778,2797,0.5,0,1,1,117,0
18.0,2032-12-01,5.434731,-73.448061,2797,0.5,0,1,1,117,0
12.0,2032-12-01,5.371111,-73.493611,2797,0.5,0,1,1,117,0
12.0,2032-12-01,5.382508,-73.500839,2797,0.5,0,1,1,117,0
18.0,2032-12-01,5.390232379,-73.49862356,2797,0.5,0,1,1,117,1
15.0,2032-12-01,5.709903633,-73.47390235,2797,0.5,0,1,1,118,0
12.0,2032-12-01,5.676793433,-73.53666777,2797,0.5,0,1,1,118,0
15.0,2032-12-01,5.70731002,-73.50781681,2797,0.5,0,1,1,118,0
12.0,2032-12-01,5.687453,-73.507592,2797,0.5,0,1,1,118,0
12.0,2032-12-01,5.662219234,-73.57414428,2797,0.5,0,1,1,118,0
12.0,2032-12-01,5.42843574,-73.23995617,2797,0.5,0,1,1,119,1
12.0,2032-12-01,5.466955,-73.276172,2797,0.5,0,1,1,119,1
12.0,2032-12-01,5.469816,-73.301617,2797,0.5,0,1,1,119,1
12.0,2032-12-01,5.435315457,-73.27537172,2797,0.5,0,1,1,119,1
12.0,2032-12-01,5.32609066,-73.09011435,2797,0.5,0,1,1,120,0
12.0,2032-12-01,5.244722,-73.169722,2797,0.5,0,1,1,120,0
12.0,2032-12-01,5.250556,-73.169722,2797,0.5,0,1,1,120,0
12.0,2032-12-01,5.3099499,-73.188198333,2797,0.5,0,1,1,120,0
12.0,2032-12-01,5.2983499,-73.202723333,2797,0.5,0,1,1,120,0
18.0,2032-12-01,5.283056,-73.169444,2797,0.5,0,1,1,120,0
12.0,2032-12-01,5.854345,-72.87346229,2797,0.5,0,1,1,121,1
12.0,2032-12-01,5.028214313,-73.510756982,2797,0.5,0,1,1,37,0
12.0,2032-12-01,5.5789167,-72.318055555556,2797,0.5,0,1,1,46,0
12.0,2032-12-01,5.799879,-72.99916,2797,0.5,0,1,1,104,0
15.0,2024-08-28,4.999167,-73.357778,-220,0.5,1,2,2,0,0
20.0,2024-08-28,5.5186290162823,-72.881697272772,-220,0.5,1,2,2,1,0
20.0,2024-08-28,5.5180153210267,-72.884855336922,-220,0.5,1,2,2,1,0
20.0,2024-08-28,5.755685994,-73.43994657,-220,0.5,1,2,2,2,0
20.0,2024-08-28,5.704167,-73.374444,-220,0.5,1,2,2,2,0
20.0,2024-08-28,5.9872993687381,-72.915402399794,-220,0.5,1,2,2,3,0
20.0,2024-08-28,5.987334287,-72.91407121,-220,0.5,1,2,2,3,0
20.0,2024-08-28,5.9913528642994,-72.913971899035,-220,0.5,1,2,2,3,0
20.0,2024-08-28,5.228703,-73.127259,-220,0.5,1,2,2,4,0
20.0,2024-08-28,5.909061,-72.808998,-220,0.5,1,2,2,5,0
20.0,2024-08-28,6.3298689339527,-72.584702306472,-220,0.5,1,2,2,6,0
15.0,2024-08-28,6.32732841,-72.57878075,-220,0.5,1,2,2,6,0
15.0,2024-08-28,5.451667,-73.3625,-220,0.5,1,2,2,7,0
20.0,2024-08-28,5.455556,-73.360833,-220,0.5,1,2,2,7,0
15.0,2024-08-28,5.424427187,-73.38995805,-220,0.5,0,2,2,7,0
20.0,2024-08-28,5.69013686,-73.92412777,-220,0.5,1,2,2,8,0
20.0,2024-08-28,5.690556,-73.905833,-220,0.5,1,2,2,8,0
20.0,2024-08-28,5.514444,-73.9425,-220,0.5,1,2,2,9,0
20.0,2024-08-28,5.514811852,-73.9435372,-220,0.5,1,2,2,9,0
20.0,2024-08-28,5.824167,-72.884444,-220,0.5,1,2,2,121,0
20.0,2024-08-28,5.555526022,-73.86477945,-220,0.5,1,2,2,10,0
15.0,2024-08-28,5.597921151,-73.86236391,-220,0.5,0,2,2,10,0
20.0,2024-08-28,5.029722,-73.104167,-220,0.5,1,2,2,11,0
20.0,2024-08-28,5.954659735163,-72.946306448671,-220,0.5,1,2,2,12,0
20.0,2024-08-28,5.9564258074356,-72.947062648575,-220,0.5,1,2,2,12,0
20.0,2024-08-28,5.9554207181146,-72.94769784725,-220,0.5,1,2,2,12,0
20.0,2024-08-28,5.1672365300419,-73.3700236743,-220,0.5,1,2,2,13,0
20.0,2024-08-28,5.166111,-73.359722,-220,0.5,1,2,2,13,0
20.0,2024-08-28,5.6143080196146,-73.816397704203,-220,0.5,1,2,2,14,0
20.0,2024-08-28,5.6170351055146,-73.821592125769,-220,0.5,1,2,2,14,0
20.0,2024-08-28,5.626296596,-73.80928233,-220,0.5,1,2,2,14,0
20.0,2024-08-28,5.610981245,-73.81709587,-220,0.5,1,2,2,14,0
20.0,2024-08-28,5.6113570267483,-73.821349038022,-220,0.5,1,2,2,14,0
20.0,2024-08-28,5.612383631,-73.81288164,-220,0.5,1,2,2,14,0
20.0,2024-08-28,5.6210150259567,-73.819781766178,-220,0.5,1,2,2,14,0
20.0,2024-08-28,5.621403998,-73.80983626,-220,0.5,1,2,2,14,0
20.0,2024-08-28,5.611341933,-73.81848171,-220,0.5,1,2,2,14,0
20.0,2024-08-28,5.61062546,-73.81958167,-220,0.5,1,2,2,14,0
20.0,2024-08-28,5.60521719,-73.82989919,-220,0.5,1,2,2,14,0
20.0,2024-08-28,5.6255905117001,-73.807129499729,-220,0.5,1,2,2,14,0
20.0,2024-08-28,5.6218983828217,-73.811377829117,-220,0.5,1,2,2,14,0
20.0,2024-08-28,5.610807065,-73.8181882,-220,0.5,1,2,2,14,0
15.0,2024-08-28,5.677099406,-73.40621892,-220,0.5,0,2,2,15,0
15.0,2024-08-28,5.643489519,-73.4531062,-220,0.5,1,2,2,15,0
15.0,2024-08-28,6.148611,-72.480556,-220,0.5,0,2,2,17,0
20.0,2024-08-28,6.1884904197059,-72.472110861048,-220,0.5,1,2,2,17,0
20.0,2024-08-28,6.1881069255145,-72.472303848998,-220,0.5,1,2,2,17,0
20.0,2024-08-28,6.1871620631179,-72.471968064653,-220,0.5,1,2,2,17,0
20.0,2024-08-28,5.5593858252842,-73.281055064681,-220,0.5,1,2,2,19,0
20.0,2024-08-28,4.8879603088547,-73.369790043502,-220,0.5,1,2,2,20,0
20.0,2024-08-28,4.8885345625799,-73.370005064737,-220,0.5,1,2,2,20,0
20.0,2024-08-28,5.405637383,-73.29488323,-220,0.5,1,2,2,21,0
15.0,2024-08-28,5.389549895,-73.28315128,-220,0.5,0,2,2,21,0
20.0,2024-08-28,5.382222,-73.298056,-220,0.5,1,2,2,21,0
20.0,2024-08-28,5.633354,-73.324779,-220,0.5,1,2,2,22,0
15.0,2024-08-28,5.677025,-73.302015,-220,0.5,0,2,2,22,0
15.0,2024-08-28,5.714462406,-73.33118887,-220,0.5,0,2,2,22,0
20.0,2024-08-28,5.477239008,-74.04454918,-220,0.5,1,2,2,23,0
15.0,2024-08-28,5.448892,-73.988896,-220,0.5,0,2,2,23,0
20.0,2024-08-28,5.8311902929715,-72.843232369189,-220,0.5,1,2,2,24,0
20.0,2024-08-28,5.8259084537659,-72.844356243313,-220,0.5,1,2,2,24,0
20.0,2024-08-28,6.499282803677,-72.738664766315,-220,0.5,1,2,2,25,0
20.0,2024-08-28,6.4998238646902,-72.738195890333,-220,0.5,1,2,2,25,0
20.0,2024-08-28,6.99820514,-72.10889197,-220,0.5,1,2,2,26,0
20.0,2024-08-28,6.996366142,-72.10817284,-220,0.5,1,2,2,26,0
20.0,2024-08-28,5.539620061,-73.45028037,-220,0.5,1,2,2,27,0
20.0,2024-08-28,5.545239781,-73.45474122,-220,0.5,1,2,2,27,0
15.0,2024-08-28,5.503333,-73.430556,-220,0.5,0,2,2,27,0
20.0,2024-08-28,5.580296607,-72.96588737,-220,0.5,1,2,2,28,0
20.0,2024-08-28,6.410892676,-72.44555554,-220,0.5,1,2,2,29,0
15.0,2024-08-28,6.389444,-72.389444,-220,0.5,0,2,2,29,0
20.0,2024-08-28,6.4027066414533,-72.443283328045,-220,0.5,1,2,2,29,0
15.0,2024-08-28,6.482946286729,-72.496975970014,-220,0.5,1,2,2,30,0
20.0,2024-08-28,5.670621935951,-72.990901945397,-220,0.5,1,2,2,31,0
20.0,2024-08-28,5.6669887947437,-72.991596636209,-220,0.5,1,2,2,31,0
15.0,2024-08-28,5.8586022718525,-72.917344153043,-220,0.5,1,2,2,32,0
20.0,2024-08-28,5.8589666669271,-72.917967458647,-220,0.5,1,2,2,32,0
20.0,2024-08-28,5.752357302,-73.54765755,-220,0.5,1,2,2,33,0
15.0,2024-08-28,5.752057894,-73.54996645,-220,0.5,1,2,2,33,0
20.0,2024-08-28,5.800966822493,-72.805182822773,-220,0.5,1,2,2,34,0
20.0,2024-08-28,5.8023645886684,-72.806606110654,-220,0.5,1,2,2,34,0
15.0,2024-08-28,5.76996572,-72.76194019,-220,0.5,0,2,2,34,0
20.0,2024-08-28,5.0816602807395,-73.362101943877,-220,0.5,1,2,2,35,0
20.0,2024-08-28,5.08017222,-73.36125756,-220,0.5,1,2,2,35,0
20.0,2024-08-28,5.0862655214869,-73.362384713916,-220,0.5,1,2,2,35,0
15.0,2024-08-28,6.4595358662037,-72.499833026256,-220,0.5,1,2,2,36,0
20.0,2024-08-28,5.00319683,-73.47381303,-220,0.5,1,2,2,37,0
20.0,2024-08-28,5.0035037453381,-73.473717348328,-220,0.5,1,2,2,37,0
20.0,2024-08-28,4.9979962460725,-73.474124423146,-220,0.5,1,2,2,37,0
20.0,2024-08-28,5.013966627,-73.46546857,-220,0.5,1,2,2,37,0
20.0,2024-08-28,4.968590089,-73.4893675,-220,0.5,1,2,2,38,0
15.0,2024-08-28,4.955885,-73.509918,-220,0.5,0,2,2,38,0
20.0,2024-08-28,4.9691014838125,-73.489366357099,-220,0.5,1,2,2,38,0
20.0,2024-08-28,6.4629066797791,-72.412909581251,-220,0.5,1,2,2,39,0
15.0,2024-08-28,5.613025667,-72.97984893,-220,0.5,1,2,2,40,0
20.0,2024-08-28,5.6072999999879,-72.980465538519,-220,0.5,1,2,2,40,0
20.0,2024-08-28,5.381999047,-73.36481555,-220,0.5,1,2,2,41,0
20.0,2024-08-28,5.3893081798474,-73.362853138767,-220,0.5,1,2,2,41,0
15.0,2024-08-28,6.147246769,-72.56848861,-220,0.5,1,2,2,42,0
20.0,2024-08-28,6.144349557,-72.57162828,-220,0.5,1,2,2,42,0
20.0,2024-08-28,5.0959279199124,-73.443441303002,-220,0.5,1,2,2,43,0
20.0,2024-08-28,6.31792,-72.559739,-220,0.5,1,2,2,44,0
20.0,2024-08-28,6.316176147,-72.56144455,-220,0.5,1,2,2,44,0
15.0,2024-08-28,5.522546553,-74.2369095,-220,0.5,1,2,2,45,0
20.0,2024-08-28,5.562932181,-72.57679962,-220,0.5,1,2,2,46,0
20.0,2024-08-28,5.56345737,-72.57765775,-220,0.5,1,2,2,46,0
15.0,2024-08-28,4.971389,-73.316944,-220,0.5,1,2,2,47,0
20.0,2024-08-28,4.973105253,-73.31711118,-220,0.5,1,2,2,47,0
20.0,2024-08-28,5.550951903,-74.00299487,-220,0.5,1,2,2,48,0
20.0,2024-08-28,5.1926854776011,-73.138134798068,-220,0.5,1,2,2,49,0
20.0,2024-08-28,5.163611,-73.1425,-220,0.5,1,2,2,49,0
20.0,2024-08-28,5.7536632157326,-72.798945209294,-220,0.5,1,2,2,50,0
20.0,2024-08-28,5.7543325508799,-72.799897926368,-220,0.5,1,2,2,50,0
15.0,2024-08-28,5.757936037,-72.76014694,-220,0.5,0,2,2,50,0
20.0,2024-08-28,5.72251926,-72.8499361,-220,0.5,1,2,2,51,0
20.0,2024-08-28,5.725122115,-72.85159889,-220,0.5,1,2,2,51,0
20.0,2024-08-28,5.725297984,-72.85165293,-220,0.5,1,2,2,51,0
15.0,2024-08-28,5.864381687,-73.55064924,-220,0.5,0,2,2,52,0
15.0,2024-08-28,5.922975915,-73.54141218,-220,0.5,0,2,2,52,0
20.0,2024-08-28,5.872089386,-73.57728139,-220,0.5,1,2,2,52,0
15.0,2024-08-28,5.914444,-73.555278,-220,0.5,0,2,2,52,0
15.0,2024-08-28,5.888940104,-73.54101243,-220,0.5,0,2,2,52,0
20.0,2024-08-28,5.8740089717821,-73.57429241454,-220,0.5,1,2,2,52,0
20.0,2024-08-28,5.877395108124,-73.568428548434,-220,0.5,1,2,2,52,0
15.0,2024-08-28,5.634078765,-73.38515347,-220,0.5,0,2,2,53,0
20.0,2024-08-28,5.579512,-73.365766,-220,0.5,1,2,2,53,0
20.0,2024-08-28,5.529167,-74.100556,-220,0.5,1,2,2,54,0
15.0,2024-08-28,5.538372091,-74.13559441,-220,0.5,0,2,2,54,0
15.0,2024-08-28,5.522736653,-74.07043525,-220,0.5,0,2,2,54,0
20.0,2024-08-28,5.530003244,-74.10196353,-220,0.5,1,2,2,54,0
20.0,2024-08-28,5.770175857,-72.93757545,-220,0.5,1,2,2,55,0
20.0,2024-08-28,5.774196668,-72.93816102,-220,0.5,1,2,2,55,0
20.0,2024-08-28,5.3545928947113,-73.456752321529,-220,0.5,1,2,2,56,0
20.0,2024-08-28,5.596299636,-73.30817918,-220,0.5,1,2,2,57,0
20.0,2024-08-28,5.6567562418135,-74.182415964981,-220,0.5,1,2,2,58,0
20.0,2024-08-28,5.656951141,-74.18190635,-220,0.5,1,2,2,58,0
20.0,2024-08-28,5.1406688180773,-73.39702396539,-220,0.5,1,2,2,59,0
20.0,2024-08-28,5.100065127,-73.05185448,-220,0.5,1,2,2,60,0
20.0,2024-08-28,5.099703219,-73.05277628,-220,0.5,1,2,2,60,0
20.0,2024-08-28,5.783209986,-73.13292012,-220,0.5,1,2,2,61,0
20.0,2024-08-28,5.774836556,-73.11624907,-220,0.5,1,2,2,61,0
15.0,2024-08-28,5.795569,-73.089731,-220,0.5,0,2,2,61,0
15.0,2024-08-28,5.744735,-73.130842,-220,0.5,0,2,2,61,0
15.0,2024-08-28,5.779623102,-73.11963981,-220,0.5,1,2,2,61,0
20.0,2024-08-28,5.292007351,-72.70271173,-220,0.5,1,2,2,62,0
20.0,2024-08-28,5.29455646,-72.70327642,-220,0.5,1,2,2,62,0
20.0,2024-08-28,6.4437924699323,-72.459809799572,-220,0.5,1,2,2,63,0
20.0,2024-08-28,5.6592221572621,-73.976365258151,-220,0.5,1,2,2,64,0
15.0,2024-08-28,5.649167,-73.981389,-220,0.5,0,2,2,64,0
20.0,2024-08-28,5.6562358188313,-73.980096914441,-220,0.5,1,2,2,64,0
20.0,2024-08-28,5.624452148,-72.42322083,-220,0.5,1,2,2,65,0
20.0,2024-08-28,5.989136506,-72.7520773,-220,0.5,1,2,2,66,0
20.0,2024-08-28,5.5568288587061,-73.051777110613,-220,0.5,1,2,2,67,0
15.0,2024-08-28,5.508692841,-73.09700504,-220,0.5,0,2,2,67,0
15.0,2024-08-28,5.518346,-73.070339,-220,0.5,0,2,2,67,0
20.0,2024-08-28,5.564911505,-73.04697143,-220,0.5,1,2,2,67,0
20.0,2024-08-28,5.721183406,-72.48614928,-220,0.5,1,2,2,68,0
20.0,2024-08-28,5.83,-74.550833,-220,0.5,1,2,2,69,0
20.0,2024-08-28,5.979083294807,-74.595764467316,-220,0.5,1,2,2,69,0
15.0,2024-08-28,5.969722,-74.490833,-220,0.5,0,2,2,69,0
20.0,2024-08-28,5.9775000396141,-74.592677517387,-220,0.5,1,2,2,69,0
20.0,2024-08-28,5.954167,-74.571667,-220,0.5,1,2,2,69,0
20.0,2024-08-28,5.9744457361855,-74.584159164197,-220,0.5,1,2,2,69,0
15.0,2024-08-28,5.904722,-74.345833,-220,0.5,0,2,2,69,0
20.0,2024-08-28,5.828889,-74.387778,-220,0.5,1,2,2,69,0
20.0,2024-08-28,5.519755,-74.179261,-220,0.5,1,2,2,70,0
15.0,2024-08-28,5.505260662,-74.15338827,-220,0.5,0,2,2,70,0
20.0,2024-08-28,5.520491569,-74.18059393,-220,0.5,1,2,2,70,0
20.0,2024-08-28,5.3981293595935,-73.332781383531,-220,0.5,1,2,2,71,0
15.0,2024-08-28,5.357621,-73.332032,-220,0.5,0,2,2,71,0
20.0,2024-08-28,5.4020082418424,-73.336212695969,-220,0.5,1,2,2,71,0
20.0,2024-08-28,5.5405953118986,-73.627632234407,-220,0.5,1,2,2,72,0
20.0,2024-08-28,5.5386234922007,-73.632941427855,-220,0.5,1,2,2,72,0
15.0,2024-08-28,5.356863428,-73.20884434,-220,0.5,1,2,2,73,0
20.0,2024-08-28,5.697520628,-73.76485639,-220,0.5,1,2,2,74,0
20.0,2024-08-28,5.699482406,-73.7617821,-220,0.5,0,2,2,74,0
15.0,2024-08-28,5.656111,-73.813611,-220,0.5,0,2,2,74,0
20.0,2024-08-28,5.585041921,-73.54300843,-220,0.5,1,2,2,75,0
20.0,2024-08-28,5.585830255,-73.54387579,-220,0.5,1,2,2,75,0
20.0,2024-08-28,5.4933249986187,-73.486270780314,-220,0.5,1,2,2,76,0
15.0,2024-08-28,5.459722,-73.451944,-220,0.5,0,2,2,76,0
20.0,2024-08-28,5.4945573421819,-73.487274287218,-220,0.5,1,2,2,76,0
15.0,2024-08-28,5.476667,-73.485833,-220,0.5,0,2,2,76,0
20.0,2024-08-28,5.22722212,-73.07701449,-220,0.5,1,2,2,77,0
15.0,2024-08-28,5.22402788,-73.08020615,-220,0.5,1,2,2,77,0
20.0,2024-08-28,6.017810278,-73.54738706,-220,0.5,1,2,2,78,0
20.0,2024-08-28,6.017826646,-73.54630356,-220,0.5,1,2,2,78,0
15.0,2024-08-28,5.965,-73.563056,-220,0.5,0,2,2,78,0
20.0,2024-08-28,4.8186882119565,-73.165774535932,-220,0.5,1,2,2,79,0
15.0,2024-08-28,4.925556,-73.085556,-220,0.5,0,2,2,79,0
20.0,2024-08-28,4.8192753892489,-73.167012600145,-220,0.5,1,2,2,79,0
15.0,2024-08-28,4.820278,-73.120833,-220,0.5,0,2,2,79,0
20.0,2024-08-28,6.400563306,-72.55303747,-220,0.5,1,2,2,80,0
20.0,2024-08-28,5.517166293,-73.72130753,-220,0.5,1,2,2,81,0
20.0,2024-08-28,5.518504189,-73.72410673,-220,0.5,1,2,2,81,0
20.0,2024-08-28,5.650926134507,-74.068762363666,-220,0.5,1,2,2,82,0
20.0,2024-08-28,4.860556,-73.263611,-220,0.5,1,2,2,83,0
20.0,2024-08-28,4.8616973308653,-73.264260768031,-220,0.5,1,2,2,83,0
20.0,2024-08-28,5.8760857949092,-72.98014808399,-220,0.5,1,2,2,84,0
20.0,2024-08-28,5.8793613095212,-72.982888767713,-220,0.5,1,2,2,84,0
20.0,2024-08-28,5.7129476870139,-73.603899953513,-220,0.5,1,2,2,85,0
20.0,2024-08-28,5.712576373817,-73.602562194496,-220,0.5,1,2,2,85,0
20.0,2024-08-28,6.0596001162647,-73.478247879779,-220,0.5,1,2,2,86,0
20.0,2024-08-28,6.0585709909314,-73.48147788706,-220,0.5,1,2,2,86,0
20.0,2024-08-28,6.132456617431,-72.708725856748,-220,0.5,1,2,2,87,0
20.0,2024-08-28,6.0949845522319,-72.712369100036,-220,0.5,1,2,2,88,0
20.0,2024-08-28,5.50777777778,-73.2447222222,-220,0.5,1,2,2,89,0
15.0,2024-08-28,5.493254961,-73.27725911,-220,0.5,0,2,2,89,0
15.0,2024-08-28,5.463273752,-73.23709381,-220,0.5,0,2,2,89,0
20.0,2024-08-28,5.509378012,-73.24829055,-220,0.5,1,2,2,89,0
20.0,2024-08-28,6.3347292288321,-72.679955108858,-220,0.5,1,2,2,90,0
20.0,2024-08-28,6.3317126708784,-72.686288479442,-220,0.5,1,2,2,90,0
20.0,2024-08-28,5.996099894,-72.691808988,-220,0.5,1,2,2,91,0
15.0,2024-08-28,5.983895073,-72.64415033,-220,0.5,0,2,2,91,0
20.0,2024-08-28,5.99726102,-72.68943874,-220,0.5,1,2,2,91,0
15.0,2024-08-28,5.990098926,-72.61390949,-220,0.5,0,2,2,92,0
20.0,2024-08-28,6.0425685293043,-72.636982288532,-220,0.5,1,2,2,92,0
20.0,2024-08-28,4.9875405664559,-73.434976285068,-220,0.5,1,2,2,94,0
20.0,2024-08-28,5.565407,-73.451231,-220,0.5,1,2,2,95,0
20.0,2024-08-28,5.5662110182165,-73.450709507813,-220,0.5,1,2,2,95,0
20.0,2024-08-28,5.502045434,-73.33279099,-220,0.5,1,2,2,96,0
20.0,2024-08-28,5.764593623,-73.2487965,-220,0.5,1,2,2,97,0
15.0,2024-08-28,5.747788348,-73.17933501,-220,0.5,0,2,2,97,0
20.0,2024-08-28,5.7645110187341,-73.247573712304,-220,0.5,1,2,2,97,0
20.0,2024-08-28,6.228293155,-72.68990742,-220,0.5,1,2,2,98,0
20.0,2024-08-28,5.622930064,-73.62421234,-220,0.5,1,2,2,99,0
20.0,2024-08-28,5.618984372,-73.62177954,-220,0.5,1,2,2,99,0
15.0,2024-08-28,5.660799603,-73.65038922,-220,0.5,0,2,2,99,0
20.0,2024-08-28,5.024665872,-73.45294905,-220,0.5,1,2,2,100,0
15.0,2024-08-28,5.029665156,-73.40732139,-220,0.5,0,2,2,100,0
20.0,2024-08-28,5.909014262,-72.78332795,-220,0.5,1,2,2,101,0
20.0,2024-08-28,5.90949267,-72.7823283,-220,0.5,1,2,2,101,0
20.0,2024-08-28,5.0767495,-73.42169788,-220,0.5,1,2,2,102,0
20.0,2024-08-28,5.0756046215633,-73.418824019243,-220,0.5,1,2,2,102,0
20.0,2024-08-28,5.316369915,-73.39604076,-220,0.5,1,2,2,103,0
20.0,2024-08-28,5.314856582,-73.39481279,-220,0.5,1,2,2,103,0
15.0,2024-08-28,5.350116249,-73.39629828,-220,0.5,0,2,2,103,0
20.0,2024-08-28,5.744424384,-73.00375381,-220,0.5,1,2,2,104,0
20.0,2024-08-28,5.746816244,-72.99778573,-220,0.5,1,2,2,104,0
20.0,2024-08-28,5.5784822111942,-73.646835587729,-220,0.5,1,2,2,105,0
20.0,2024-08-28,5.5801947141743,-73.646099291845,-220,0.5,1,2,2,105,0
20.0,2024-08-28,6.415384361,-72.69394309,-220,0.5,1,2,2,106,0
20.0,2024-08-28,6.413099391,-72.68756414,-220,0.5,1,2,2,106,0
15.0,2024-08-28,5.540289,-73.175284,-220,0.5,0,2,2,107,0
20.0,2024-08-28,5.569959101,-73.18448445,-220,0.5,0,2,2,107,0
15.0,2024-08-28,5.57490838,-73.19714319,-220,0.5,0,2,2,107,0
20.0,2024-08-28,5.5637177361278,-73.183539563259,-220,0.5,1,2,2,107,0
20.0,2024-08-28,5.565607392,-73.18757398,-220,0.5,1,2,2,107,0
20.0,2024-08-28,5.935311,-73.501952,-220,0.5,1,2,2,108,0
20.0,2024-08-28,5.9378605272801,-73.514574707165,-220,0.5,1,2,2,108,0
20.0,2024-08-28,5.771047,-72.833869,-220,0.5,1,2,2,109,0
20.0,2024-08-28,5.560655425,-72.98527293,-220,0.5,1,2,2,110,0
20.0,2024-08-28,5.731834624,-73.93435905,-220,0.5,1,2,2,112,0
20.0,2024-08-28,5.322095055,-73.49320383,-220,0.5,1,2,2,113,0
20.0,2024-08-28,5.3247902199655,-73.490605322079,-220,0.5,1,2,2,113,0
20.0,2024-08-28,5.3231213561207,-73.490150183921,-220,0.5,1,2,2,113,0
20.0,2024-08-28,5.693314654,-73.22612819,-220,0.5,1,2,2,114,0
15.0,2024-08-28,5.705494212,-73.2452957582,-220,0.5,0,2,2,114,0
20.0,2024-08-28,5.6895698588968,-73.227962768142,-220,0.5,1,2,2,114,0
15.0,2024-08-28,6.033349003,-72.85596041,-220,0.5,1,2,2,115,0
15.0,2024-08-28,5.176341,-73.484435,-220,0.5,0,2,2,116,0
15.0,2024-08-28,5.207786,-73.425837,-220,0.5,0,2,2,116,0
15.0,2024-08-28,5.248105313,-73.47080884,-220,0.5,0,2,2,116,0
20.0,2024-08-28,5.2221609814705,-73.457560241138,-220,0.5,1,2,2,116,0
20.0,2024-08-28,5.3711044044487,-73.518738985449,-220,0.5,1,2,2,117,0
20.0,2024-08-28,5.371406,-73.523711,-220,0.5,1,2,2,117,0
15.0,2024-08-28,5.305325,-73.583651,-220,0.5,0,2,2,117,0
20.0,2024-08-28,5.6336305042064,-73.5216082852,-220,0.5,1,2,2,118,0
15.0,2024-08-28,5.696245527,-73.48188068,-220,0.5,0,2,2,118,0
20.0,2024-08-28,5.6350942816982,-73.521812088757,-220,0.5,1,2,2,118,0
20.0,2024-08-28,5.633938063,-73.52228719,-220,0.5,1,2,2,118,0
20.0,2024-08-28,5.6338787107562,-73.522251547035,-220,0.5,1,2,2,118,0
20.0,2024-08-28,5.6423001101379,-73.517138371244,-220,0.5,1,2,2,118,0
20.0,2024-08-28,5.437945407598,-73.295013274879,-220,0.5,1,2,2,119,0
20.0,2024-08-28,5.4339247550025,-73.297370810028,-220,0.5,1,2,2,119,0
20.0,2024-08-28,5.2825,-73.169444,-220,0.5,1,2,2,120,0
15.0,2024-08-28,5.76597382,-72.89627971,-220,0.5,0,2,2,55,1
10.0,2024-09-06,5.852397,-73.549736,-211,0.5,0,3,3,52,1
10.0,2024-09-06,5.854345,-72.87346229,-211,0.5,0,3,3,121,1
10.0,2024-09-06,5.028214313,-73.510756982,-211,0.5,0,3,3,37,1
10.0,2024-09-06,5.5789167,-72.318055555556,-211,0.5,0,3,3,46,1
10.0,2024-09-06,5.799879,-72.99916,-211,0.5,0,3,3,104,1
10.0,2024-09-06,5.76597382,-72.89627971,-211,0.5,0,3,3,55,1
10.0,2024-09-06,5866888889.0,-73013555556.0,-211,0.5,0,3,3,122,1
10.0,2024-09-06,4.990514422,-73.23382034521,-211,0.5,0,3,3,0,1
10.0,2024-09-06,5.61125,-72.865333333,-211,0.5,0,3,3,93,1
10.0,2024-09-06,5.522083333,-73.389444444,-211,0.5,0,3,3,111,1
10.0,2024-09-06,5.534143913,-72.873353912,-211,0.5,0,3,3,1,1
10.0,2024-09-06,5.764552941,-73.479757803,-211,0.5,0,3,3,2,1
10.0,2024-09-06,6.014683522,-72.882609032,-211,0.5,0,3,3,3,1
10.0,2024-09-06,5.21194424,-73.10827018,-211,0.5,0,3,3,4,1
10.0,2024-09-06,5.9427448,-72.79669432,-211,0.5,0,3,3,5,1
10.0,2024-09-06,6.26984459,-72.613704,-211,0.5,0,3,3,6,1
10.0,2024-09-06,5.42717,-73.3876,-211,0.5,0,3,3,7,1
10.0,2024-09-06,572531400.0,-73893972000.0,-211,0.5,0,3,3,8,1
10.0,2024-09-06,5493341.0,-74002197.0,-211,0.5,0,3,3,9,1
10.0,2024-09-06,5.607528,-73.885528,-211,0.5,0,3,3,10,1
10.0,2024-09-06,5.764552941,-73.479757803,-211,0.5,0,3,3,11,1
10.0,2024-09-06,5.98637379,-72.95324757,-211,0.5,0,3,3,12,1
10.0,2024-09-06,5.22669277,-73.33473387,-211,0.5,0,3,3,13,1
10.0,2024-09-06,5623393.0,-73715576.0,-211,0.5,0,3,3,14,1
10.0,2024-09-06,5.638170987,-73.398996644,-211,0.5,0,3,3,15,1
10.0,2024-09-06,6549787611.0,-72515760494.0,-211,0.5,0,3,3,16,1
10.0,2024-09-06,6.27212,-72.4627,-211,0.5,0,3,3,17,1
10.0,2024-09-06,6.053596,-73.445802,-211,0.5,0,3,3,18,1
10.0,2024-09-06,2.56881,-73.2618,-211,0.5,0,3,3,19,1
10.0,2024-09-06,4.90197418,-73.32403377,-211,0.5,0,3,3,20,1
10.0,2024-09-06,5.39863408,-73.28121631,-211,0.5,0,3,3,21,1
10.0,2024-09-06,5.66088414,-73.29170596,-211,0.5,0,3,3,22,1
10.0,2024-09-06,5.43834,-74.004868,-211,0.5,0,3,3,23,1
10.0,2024-09-06,5833769.0,-72826614.0,-211,0.5,0,3,3,24,1
10.0,2024-09-06,6.498127,-72.760712,-211,0.5,0,3,3,25,1
10.0,2024-09-06,7033583.0,-72082278.0,-211,0.5,0,3,3,26,1
10.0,2024-09-06,5.510289778,-73.451242208,-211,0.5,0,3,3,27,1
10.0,2024-09-06,5.601824,-72.934741,-211,0.5,0,3,3,28,1
10.0,2024-09-06,6.352926,-72.410596,-211,0.5,0,3,3,29,1
10.0,2024-09-06,6.5360338,-72.473389,-211,0.5,0,3,3,30,1
10.0,2024-09-06,5678357.0,-73060082.0,-211,0.5,0,3,3,31,1
10.0,2024-09-06,5.85015703,-72.9553465,-211,0.5,0,3,3,32,1
10.0,2024-09-06,5.685973559,-73.542562,-211,0.5,0,3,3,33,1
10.0,2024-09-06,5.78467868,-72.7604161,-211,0.5,0,3,3,34,1
10.0,2024-09-06,5.135414099,-73.335506284,-211,0.5,0,3,3,35,1
10.0,2024-09-06,6.448055,-72.523191,-211,0.5,0,3,3,36,1
10.0,2024-09-06,4.984807697,-73.502007164,-211,0.5,0,3,3,38,1
10.0,2024-09-06,6.492456,-72.420238,-211,0.5,0,3,3,39,1
10.0,2024-09-06,5.63344146,-72.95482283,-211,0.5,0,3,3,40,1
10.0,2024-09-06,5.35944,-73.3621,-211,0.5,0,3,3,41,1
10.0,2024-09-06,6.156983,-72.532982,-211,0.5,0,3,3,42,1
10.0,2024-09-06,5.10297644,-73.46223953,-211,0.5,0,3,3,43,1
10.0,2024-09-06,6.336514,-72.562052,-211,0.5,0,3,3,44,1
10.0,2024-09-06,5.531530225,-74.207641247,-211,0.5,0,3,3,45,1
10.0,2024-09-06,5.016294899,-73.329181693,-211,0.5,0,3,3,47,1
10.0,2024-09-06,5.528472222,-74.01175,-211,0.5,0,3,3,48,1
10.0,2024-09-06,5.118322153,-73.134572084,-211,0.5,0,3,3,49,1
10.0,2024-09-06,5.739014087,-72.751515687,-211,0.5,0,3,3,50,1
10.0,2024-09-06,5.730436813,-72.872088762,-211,0.5,0,3,3,51,1
10.0,2024-09-06,5.586472309,-73.35286,-211,0.5,0,3,3,53,1
10.0,2024-09-06,5.545234,-74.151442,-211,0.5,0,3,3,54,1
10.0,2024-09-06,5.586197469,-73.378949016,-211,0.5,0,3,3,56,1
10.0,2024-09-06,5.58616228,-73.27247492,-211,0.5,0,3,3,57,1
10.0,2024-09-06,5804881262.0,-74217083801.0,-211,0.5,0,3,3,58,1
10.0,2024-09-06,5.12733811,-73.37569363,-211,0.5,0,3,3,59,1
10.0,2024-09-06,5.799879,-72.99916,-211,0.5,0,3,3,60,1
10.0,2024-09-06,5.79931629,-73.11056823,-211,0.5,0,3,3,61,1
10.0,2024-09-06,5.402412,-72.606526,-211,0.5,0,3,3,62,1
10.0,2024-09-06,6449368180.0,-72439356630.0,-211,0.5,0,3,3,63,1
10.0,2024-09-06,5624899.0,-73954254.0,-211,0.5,0,3,3,64,1
10.0,2024-09-06,5.604274,-72.458606,-211,0.5,0,3,3,65,1
10.0,2024-09-06,6.010161593,-72.774192129,-211,0.5,0,3,3,66,1
10.0,2024-09-06,5.527903042,-72.056128269,-211,0.5,0,3,3,67,1
10.0,2024-09-06,5.77253,-72.50385,-211,0.5,0,3,3,68,1
10.0,2024-09-06,6224505600.0,-74563463700.0,-211,0.5,0,3,3,69,1
10.0,2024-09-06,5.529278,-74.139972,-211,0.5,0,3,3,70,1
10.0,2024-09-06,5.3692,-73.3397,-211,0.5,0,3,3,71,1
10.0,2024-09-06,5.438347,-73.660896,-211,0.5,0,3,3,72,1
10.0,2024-09-06,5.321665755,-73.229908497,-211,0.5,0,3,3,73,1
10.0,2024-09-06,5.658982,-73.781197,-211,0.5,0,3,3,74,1
10.0,2024-09-06,5.558245,-73.554459,-211,0.5,0,3,3,75,1
10.0,2024-09-06,5.79931629,-73.50294102,-211,0.5,0,3,3,76,1
10.0,2024-09-06,5.20098217,-73.10010696,-211,0.5,0,3,3,77,1
10.0,2024-09-06,5956362724304199.0,-7354341888427734.0,-211,0.5,0,3,3,78,1
10.0,2024-09-06,4.819954302,-73.166779947,-211,0.5,0,3,3,79,1
10.0,2024-09-06,6.403899,-72.583547,-211,0.5,0,3,3,80,1
10.0,2024-09-06,5499559.0,-73753250.0,-211,0.5,0,3,3,81,1
10.0,2024-09-06,5690384.0,-74070175.0,-211,0.5,0,3,3,82,1
10.0,2024-09-06,4.759252025,-73.193046697,-211,0.5,0,3,3,83,1
10.0,2024-09-06,5.891625223,-73.001531944,-211,0.5,0,3,3,84,1
10.0,2024-09-06,5.732861,-73.588889,-211,0.5,0,3,3,85,1
10.0,2024-09-06,6036129.0,-73507256.0,-211,0.5,0,3,3,86,1
10.0,2024-09-06,6.10231576,-72.67598378,-211,0.5,0,3,3,87,1
10.0,2024-09-06,6.075348777,-72.723929201,-211,0.5,0,3,3,88,1
10.0,2024-09-06,5.51304533,73.22443271,-211,0.5,0,3,3,89,1
10.0,2024-09-06,6.333754,-72.662153,-211,0.5,0,3,3,90,1
10.0,2024-09-06,5.998512,-72.676955,-211,0.5,0,3,3,91,1
10.0,2024-09-06,6.022963,-72.598839,-211,0.5,0,3,3,92,1
10.0,2024-09-06,4.9542206,-73.41740704,-211,0.5,0,3,3,94,1
10.0,2024-09-06,5.565327249,-73.429102907,-211,0.5,0,3,3,95,1
10.0,2024-09-06,5.481530556,-73.330611111,-211,0.5,0,3,3,96,1
10.0,2024-09-06,5.78751721,-73.22326358,-211,0.5,0,3,3,97,1
10.0,2024-09-06,6.224572,-72.67601,-211,0.5,0,3,3,98,1
10.0,2024-09-06,5.67922,-73.6378245,-211,0.5,0,3,3,99,1
10.0,2024-09-06,5045466536.0,-73.419897637,-211,0.5,0,3,3,100,1
10.0,2024-09-06,5.765384914,-72.863671514,-211,0.5,0,3,3,101,1
10.0,2024-09-06,49.0197418,-73.32403377,-211,0.5,0,3,3,102,1
10.0,2024-09-06,5.31437713,-73.41631488,-211,0.5,0,3,3,103,1
10.0,2024-09-06,5.59727527,-73.63974685,-211,0.5,0,3,3,105,1
10.0,2024-09-06,6.44701965,-72.71320899,-211,0.5,0,3,3,106,1
10.0,2024-09-06,5.590027,-73.16119,-211,0.5,0,3,3,107,1
10.0,2024-09-06,5.881459,-73.490357,-211,0.5,0,3,3,108,1
10.0,2024-09-06,5.765384914,-72.863671514,-211,0.5,0,3,3,109,1
10.0,2024-09-06,5.517975181,-73.036343303,-211,0.5,0,3,3,110,1
10.0,2024-09-06,5.719852,-73.937767,-211,0.5,0,3,3,112,1
10.0,2024-09-06,5.283117926,-73.497648757,-211,0.5,0,3,3,113,1
10.0,2024-09-06,5.016294899,-73.208046016,-211,0.5,0,3,3,114,1
10.0,2024-09-06,6.100444,-72.866432,-211,0.5,0,3,3,115,1
10.0,2024-09-06,5.24048963,-73.48596494,-211,0.5,0,3,3,116,1
10.0,2024-09-06,5.401307,-73.47079,-211,0.5,0,3,3,117,1
10.0,2024-09-06,5.64183108,-73.56595983,-211,0.5,0,3,3,118,1
10.0,2024-09-06,5.423440348,-73.277231237,-211,0.5,0,3,3,119,1
10.0,2024-09-06,5.314569228,-73.122280494,-211,0.5,0,3,3,120,1
